title,category,author,price_gbp,price_raw,rating,availability,upc,num_reviews,description_short,url,scraped_at
A Light in the Attic,Poetry,,51.77,£51.77,3,In stock (22 available),a897fe39b1053632,0,Product Description,https://books.toscrape.com/catalogue/a-light-in-the-attic_1000/index.html,2026-03-31T13:21:34.300639+00:00
Tipping the Velvet,Historical Fiction,,53.74,£53.74,1,In stock (20 available),90fa61229261140a,0,Product Description,https://books.toscrape.com/catalogue/tipping-the-velvet_999/index.html,2026-03-31T13:21:35.823281+00:00
Soumission,Fiction,,50.1,£50.10,1,In stock (20 available),6957f44c3847a760,0,Product Description,https://books.toscrape.com/catalogue/soumission_998/index.html,2026-03-31T13:21:37.381351+00:00
Sharp Objects,Mystery,,47.82,£47.82,4,In stock (20 available),e00eb4fd7b871a48,0,Product Description,https://books.toscrape.com/catalogue/sharp-objects_997/index.html,2026-03-31T13:21:38.997625+00:00
Sapiens: A Brief History of Humankind,History,,54.23,£54.23,5,In stock (20 available),4165285e1663650f,0,Product Description,https://books.toscrape.com/catalogue/sapiens-a-brief-history-of-humankind_996/index.html,2026-03-31T13:21:40.573216+00:00
The Requiem Red,Young Adult,,22.65,£22.65,1,In stock (19 available),f77dbf2323deb740,0,Product Description,https://books.toscrape.com/catalogue/the-requiem-red_995/index.html,2026-03-31T13:21:42.113281+00:00
The Dirty Little Secrets of Getting Your Dream Job,Business,,33.34,£33.34,4,In stock (19 available),2597b5a345f45e1b,0,Product Description,https://books.toscrape.com/catalogue/the-dirty-little-secrets-of-getting-your-dream-job_994/index.html,2026-03-31T13:21:43.726705+00:00
"The Coming Woman: A Novel Based on the Life of the Infamous Feminist, Victoria Woodhull",Default,,17.93,£17.93,3,In stock (19 available),e72a5dfc7e9267b2,0,Product Description,https://books.toscrape.com/catalogue/the-coming-woman-a-novel-based-on-the-life-of-the-infamous-feminist-victoria-woodhull_993/index.html,2026-03-31T13:21:45.308597+00:00
The Boys in the Boat: Nine Americans and Their Epic Quest for Gold at the 1936 Berlin Olympics,Default,,22.6,£22.60,4,In stock (19 available),e10e1e165dc8be4a,0,Product Description,https://books.toscrape.com/catalogue/the-boys-in-the-boat-nine-americans-and-their-epic-quest-for-gold-at-the-1936-berlin-olympics_992/index.html,2026-03-31T13:21:47.002514+00:00
The Black Maria,Poetry,,52.15,£52.15,1,In stock (19 available),1dfe412b8ac00530,0,Product Description,https://books.toscrape.com/catalogue/the-black-maria_991/index.html,2026-03-31T13:21:48.572564+00:00
"Starving Hearts (Triangular Trade Trilogy, #1)",Default,,13.99,£13.99,2,In stock (19 available),0312262ecafa5a40,0,Product Description,https://books.toscrape.com/catalogue/starving-hearts-triangular-trade-trilogy-1_990/index.html,2026-03-31T13:21:50.210976+00:00
Shakespeare's Sonnets,Poetry,,20.66,£20.66,4,In stock (19 available),30a7f60cd76ca58c,0,Product Description,https://books.toscrape.com/catalogue/shakespeares-sonnets_989/index.html,2026-03-31T13:21:51.802325+00:00
Set Me Free,Young Adult,,17.46,£17.46,5,In stock (19 available),ce6396b0f23f6ecc,0,Product Description,https://books.toscrape.com/catalogue/set-me-free_988/index.html,2026-03-31T13:21:53.425518+00:00
Scott Pilgrim's Precious Little Life (Scott Pilgrim #1),Sequential Art,,52.29,£52.29,5,In stock (19 available),3b1c02bac2a429e6,0,Product Description,https://books.toscrape.com/catalogue/scott-pilgrims-precious-little-life-scott-pilgrim-1_987/index.html,2026-03-31T13:21:55.015303+00:00
Rip it Up and Start Again,Music,,35.02,£35.02,5,In stock (19 available),a34ba96d4081e6a4,0,Product Description,https://books.toscrape.com/catalogue/rip-it-up-and-start-again_986/index.html,2026-03-31T13:21:56.645532+00:00
"Our Band Could Be Your Life: Scenes from the American Indie Underground, 1981-1991",Music,,57.25,£57.25,3,In stock (19 available),deda3e61b9514b83,0,Product Description,https://books.toscrape.com/catalogue/our-band-could-be-your-life-scenes-from-the-american-indie-underground-1981-1991_985/index.html,2026-03-31T13:21:58.254781+00:00
Olio,Poetry,,23.88,£23.88,1,In stock (19 available),feb7cc7701ecf901,0,Product Description,https://books.toscrape.com/catalogue/olio_984/index.html,2026-03-31T13:21:59.844197+00:00
Mesaerion: The Best Science Fiction Stories 1800-1849,Science Fiction,,37.59,£37.59,1,In stock (19 available),e30f54cea9b38190,0,Product Description,https://books.toscrape.com/catalogue/mesaerion-the-best-science-fiction-stories-1800-1849_983/index.html,2026-03-31T13:22:01.434673+00:00
Libertarianism for Beginners,Politics,,51.33,£51.33,2,In stock (19 available),a18a4f574854aced,0,Product Description,https://books.toscrape.com/catalogue/libertarianism-for-beginners_982/index.html,2026-03-31T13:22:03.116862+00:00
It's Only the Himalayas,Travel,,45.17,£45.17,2,In stock (19 available),a22124811bfa8350,0,Product Description,https://books.toscrape.com/catalogue/its-only-the-himalayas_981/index.html,2026-03-31T13:22:04.769891+00:00
In Her Wake,Thriller,,12.84,£12.84,1,In stock (19 available),23356462d1320d61,0,Product Description,https://books.toscrape.com/catalogue/in-her-wake_980/index.html,2026-03-31T13:22:08.103538+00:00
How Music Works,Music,,37.32,£37.32,2,In stock (19 available),327f68a59745c102,0,Product Description,https://books.toscrape.com/catalogue/how-music-works_979/index.html,2026-03-31T13:22:09.801487+00:00
"Foolproof Preserving: A Guide to Small Batch Jams, Jellies, Pickles, Condiments, and More: A Foolproof Guide to Making Small Batch Jams, Jellies, Pickles, Condiments, and More",Food and Drink,,30.52,£30.52,3,In stock (19 available),5674a18a29a43ced,0,Product Description,https://books.toscrape.com/catalogue/foolproof-preserving-a-guide-to-small-batch-jams-jellies-pickles-condiments-and-more-a-foolproof-guide-to-making-small-batch-jams-jellies-pickles-condiments-and-more_978/index.html,2026-03-31T13:22:11.480765+00:00
Chase Me (Paris Nights #2),Romance,,25.27,£25.27,5,In stock (19 available),c2e46a2ee3b4a322,0,Product Description,https://books.toscrape.com/catalogue/chase-me-paris-nights-2_977/index.html,2026-03-31T13:22:13.126135+00:00
Black Dust,Romance,,34.53,£34.53,5,In stock (19 available),00bfed9e18bb36f3,0,Product Description,https://books.toscrape.com/catalogue/black-dust_976/index.html,2026-03-31T13:22:14.683077+00:00
Birdsong: A Story in Pictures,Childrens,,54.64,£54.64,3,In stock (19 available),9528d0948525bf5f,0,Product Description,https://books.toscrape.com/catalogue/birdsong-a-story-in-pictures_975/index.html,2026-03-31T13:22:16.409884+00:00
America's Cradle of Quarterbacks: Western Pennsylvania's Football Factory from Johnny Unitas to Joe Montana,Default,,22.5,£22.50,3,In stock (19 available),c7d160c2c0de586f,0,Product Description,https://books.toscrape.com/catalogue/americas-cradle-of-quarterbacks-western-pennsylvanias-football-factory-from-johnny-unitas-to-joe-montana_974/index.html,2026-03-31T13:22:18.010051+00:00
Aladdin and His Wonderful Lamp,Default,,53.13,£53.13,3,In stock (19 available),904208d6aa64b655,0,Product Description,https://books.toscrape.com/catalogue/aladdin-and-his-wonderful-lamp_973/index.html,2026-03-31T13:22:19.669391+00:00
Worlds Elsewhere: Journeys Around Shakespeare’s Globe,Nonfiction,,40.3,£40.30,5,In stock (18 available),4c28def39d850cdf,0,Product Description,https://books.toscrape.com/catalogue/worlds-elsewhere-journeys-around-shakespeares-globe_972/index.html,2026-03-31T13:22:21.226051+00:00
Wall and Piece,Art,,44.18,£44.18,4,In stock (18 available),ccd9ffa25efabdea,0,Product Description,https://books.toscrape.com/catalogue/wall-and-piece_971/index.html,2026-03-31T13:22:22.934213+00:00
The Four Agreements: A Practical Guide to Personal Freedom,Spirituality,,17.66,£17.66,5,In stock (18 available),6258a1f6a6dcfe50,0,Product Description,https://books.toscrape.com/catalogue/the-four-agreements-a-practical-guide-to-personal-freedom_970/index.html,2026-03-31T13:22:24.600657+00:00
The Five Love Languages: How to Express Heartfelt Commitment to Your Mate,Nonfiction,,31.05,£31.05,3,In stock (18 available),3c039985229453bf,0,Product Description,https://books.toscrape.com/catalogue/the-five-love-languages-how-to-express-heartfelt-commitment-to-your-mate_969/index.html,2026-03-31T13:22:26.345658+00:00
The Elephant Tree,Thriller,,23.82,£23.82,5,In stock (18 available),5dada2b7be26bd03,0,Product Description,https://books.toscrape.com/catalogue/the-elephant-tree_968/index.html,2026-03-31T13:22:28.027196+00:00
The Bear and the Piano,Childrens,,36.89,£36.89,1,In stock (18 available),9f6568e9c95f60b0,0,Product Description,https://books.toscrape.com/catalogue/the-bear-and-the-piano_967/index.html,2026-03-31T13:22:29.836115+00:00
Sophie's World,Philosophy,,15.94,£15.94,5,In stock (18 available),6be3beb0793a53e7,0,Product Description,https://books.toscrape.com/catalogue/sophies-world_966/index.html,2026-03-31T13:22:31.685427+00:00
Penny Maybe,Default,,33.29,£33.29,3,In stock (18 available),668fe56b17cfcd4f,0,Product Description,https://books.toscrape.com/catalogue/penny-maybe_965/index.html,2026-03-31T13:22:33.365826+00:00
Maude (1883-1993):She Grew Up with the country,Default,,18.02,£18.02,2,In stock (18 available),094b269567e1c300,0,Product Description,https://books.toscrape.com/catalogue/maude-1883-1993she-grew-up-with-the-country_964/index.html,2026-03-31T13:22:34.960672+00:00
"In a Dark, Dark Wood",Mystery,,19.63,£19.63,1,In stock (18 available),19ed25f4641d5efd,0,Product Description,https://books.toscrape.com/catalogue/in-a-dark-dark-wood_963/index.html,2026-03-31T13:22:36.585435+00:00
Behind Closed Doors,Thriller,,52.22,£52.22,4,In stock (18 available),be5cc846f45496fb,0,Product Description,https://books.toscrape.com/catalogue/behind-closed-doors_962/index.html,2026-03-31T13:22:38.149636+00:00
You can't bury them all: Poems,Poetry,,33.63,£33.63,2,In stock (17 available),55f9da0c5eea2e10,0,Product Description,https://books.toscrape.com/catalogue/you-cant-bury-them-all-poems_961/index.html,2026-03-31T13:22:39.867080+00:00
Slow States of Collapse: Poems,Poetry,,57.31,£57.31,3,In stock (17 available),b4fd5943413e089a,0,Product Description,https://books.toscrape.com/catalogue/slow-states-of-collapse-poems_960/index.html,2026-03-31T13:22:43.320589+00:00
Reasons to Stay Alive,Nonfiction,,26.41,£26.41,2,In stock (17 available),c8f7f0cb1abb9cac,0,Product Description,https://books.toscrape.com/catalogue/reasons-to-stay-alive_959/index.html,2026-03-31T13:22:45.066920+00:00
Private Paris (Private #10),Fiction,,47.61,£47.61,5,In stock (17 available),b12b89017878a60d,0,Product Description,https://books.toscrape.com/catalogue/private-paris-private-10_958/index.html,2026-03-31T13:22:46.782455+00:00
#HigherSelfie: Wake Up Your Life. Free Your Soul. Find Your Tribe.,Nonfiction,,23.11,£23.11,5,In stock (17 available),c27f6e1f185b0383,0,Product Description,https://books.toscrape.com/catalogue/higherselfie-wake-up-your-life-free-your-soul-find-your-tribe_957/index.html,2026-03-31T13:22:48.490790+00:00
Without Borders (Wanderlove #1),New Adult,,45.07,£45.07,2,In stock (16 available),acddfeab2a407640,0,Product Description,https://books.toscrape.com/catalogue/without-borders-wanderlove-1_956/index.html,2026-03-31T13:22:50.349120+00:00
When We Collided,Contemporary,,31.77,£31.77,1,In stock (16 available),3ecb690d1542c568,0,Product Description,https://books.toscrape.com/catalogue/when-we-collided_955/index.html,2026-03-31T13:22:52.069399+00:00
"We Love You, Charlie Freeman",Fiction,,50.27,£50.27,5,In stock (16 available),8d455c7539795d2a,0,Product Description,https://books.toscrape.com/catalogue/we-love-you-charlie-freeman_954/index.html,2026-03-31T13:22:53.773796+00:00
Untitled Collection: Sabbath Poems 2014,Poetry,,14.27,£14.27,4,In stock (16 available),657fe5ead67a7767,0,Product Description,https://books.toscrape.com/catalogue/untitled-collection-sabbath-poems-2014_953/index.html,2026-03-31T13:22:55.446071+00:00
"Unseen City: The Majesty of Pigeons, the Discreet Charm of Snails & Other Wonders of the Urban Wilderness",Nonfiction,,44.18,£44.18,4,In stock (16 available),d170b5a0da46380e,0,Product Description,https://books.toscrape.com/catalogue/unseen-city-the-majesty-of-pigeons-the-discreet-charm-of-snails-other-wonders-of-the-urban-wilderness_952/index.html,2026-03-31T13:22:57.089608+00:00
Unicorn Tracks,Fantasy,,18.78,£18.78,3,In stock (16 available),7ae099f3898e0209,0,Product Description,https://books.toscrape.com/catalogue/unicorn-tracks_951/index.html,2026-03-31T13:22:58.696212+00:00
"Unbound: How Eight Technologies Made Us Human, Transformed Society, and Brought Our World to the Brink",History,,25.52,£25.52,1,In stock (16 available),9a9d6e9bc555731e,0,Product Description,https://books.toscrape.com/catalogue/unbound-how-eight-technologies-made-us-human-transformed-society-and-brought-our-world-to-the-brink_950/index.html,2026-03-31T13:23:00.332598+00:00
Tsubasa: WoRLD CHRoNiCLE 2 (Tsubasa WoRLD CHRoNiCLE #2),Sequential Art,,16.28,£16.28,1,In stock (16 available),09555be379ad9253,0,Product Description,https://books.toscrape.com/catalogue/tsubasa-world-chronicle-2-tsubasa-world-chronicle-2_949/index.html,2026-03-31T13:23:02.038504+00:00
Throwing Rocks at the Google Bus: How Growth Became the Enemy of Prosperity,Nonfiction,,31.12,£31.12,3,In stock (16 available),7858914fad68493c,0,Product Description,https://books.toscrape.com/catalogue/throwing-rocks-at-the-google-bus-how-growth-became-the-enemy-of-prosperity_948/index.html,2026-03-31T13:23:03.711002+00:00
This One Summer,Sequential Art,,19.49,£19.49,4,In stock (16 available),51653ef291ab7ddc,0,Product Description,https://books.toscrape.com/catalogue/this-one-summer_947/index.html,2026-03-31T13:23:05.378642+00:00
Thirst,Fiction,,17.27,£17.27,5,In stock (16 available),709822d0b5bcb7f4,0,Product Description,https://books.toscrape.com/catalogue/thirst_946/index.html,2026-03-31T13:23:07.097788+00:00
The Torch Is Passed: A Harding Family Story,Add a comment,,19.09,£19.09,1,In stock (16 available),4eed62cf5f8d8edf,0,Product Description,https://books.toscrape.com/catalogue/the-torch-is-passed-a-harding-family-story_945/index.html,2026-03-31T13:23:08.810777+00:00
The Secret of Dreadwillow Carse,Childrens,,56.13,£56.13,1,In stock (16 available),b5ea0b5dabed25a8,0,Product Description,https://books.toscrape.com/catalogue/the-secret-of-dreadwillow-carse_944/index.html,2026-03-31T13:23:10.441174+00:00
"The Pioneer Woman Cooks: Dinnertime: Comfort Classics, Freezer Food, 16-Minute Meals, and Other Delicious Ways to Solve Supper!",Food and Drink,,56.41,£56.41,1,In stock (16 available),142d767a56a9254d,0,Product Description,https://books.toscrape.com/catalogue/the-pioneer-woman-cooks-dinnertime-comfort-classics-freezer-food-16-minute-meals-and-other-delicious-ways-to-solve-supper_943/index.html,2026-03-31T13:23:12.013592+00:00
The Past Never Ends,Mystery,,56.5,£56.50,4,In stock (16 available),5ee94540d0749ea0,0,Product Description,https://books.toscrape.com/catalogue/the-past-never-ends_942/index.html,2026-03-31T13:23:13.628707+00:00
The Natural History of Us (The Fine Art of Pretending #2),Young Adult,,45.22,£45.22,3,In stock (16 available),cedf82b5086e4691,0,Product Description,https://books.toscrape.com/catalogue/the-natural-history-of-us-the-fine-art-of-pretending-2_941/index.html,2026-03-31T13:23:15.249168+00:00
The Nameless City (The Nameless City #1),Sequential Art,,38.16,£38.16,4,In stock (16 available),7d385d34d12e60ff,0,Product Description,https://books.toscrape.com/catalogue/the-nameless-city-the-nameless-city-1_940/index.html,2026-03-31T13:23:18.731227+00:00
The Murder That Never Was (Forensic Instincts #5),Fiction,,54.11,£54.11,3,In stock (16 available),d01ac97e2b8947c2,0,Product Description,https://books.toscrape.com/catalogue/the-murder-that-never-was-forensic-instincts-5_939/index.html,2026-03-31T13:23:20.318009+00:00
The Most Perfect Thing: Inside (and Outside) a Bird's Egg,Science,,42.96,£42.96,4,In stock (16 available),aadee1c326d286e3,0,Product Description,https://books.toscrape.com/catalogue/the-most-perfect-thing-inside-and-outside-a-birds-egg_938/index.html,2026-03-31T13:23:21.907268+00:00
"The Mindfulness and Acceptance Workbook for Anxiety: A Guide to Breaking Free from Anxiety, Phobias, and Worry Using Acceptance and Commitment Therapy",Add a comment,,23.89,£23.89,4,In stock (16 available),31075275518532d7,0,Product Description,https://books.toscrape.com/catalogue/the-mindfulness-and-acceptance-workbook-for-anxiety-a-guide-to-breaking-free-from-anxiety-phobias-and-worry-using-acceptance-and-commitment-therapy_937/index.html,2026-03-31T13:23:23.542588+00:00
The Life-Changing Magic of Tidying Up: The Japanese Art of Decluttering and Organizing,Nonfiction,,16.77,£16.77,3,In stock (16 available),0da9aa9d24677fc0,0,Product Description,https://books.toscrape.com/catalogue/the-life-changing-magic-of-tidying-up-the-japanese-art-of-decluttering-and-organizing_936/index.html,2026-03-31T13:23:25.178852+00:00
"The Inefficiency Assassin: Time Management Tactics for Working Smarter, Not Longer",Default,,20.59,£20.59,5,In stock (16 available),8c9e6bf2467d740d,0,Product Description,https://books.toscrape.com/catalogue/the-inefficiency-assassin-time-management-tactics-for-working-smarter-not-longer_935/index.html,2026-03-31T13:23:26.808914+00:00
The Gutsy Girl: Escapades for Your Life of Epic Adventure,Nonfiction,,37.13,£37.13,1,In stock (16 available),acd86a5426e21ca0,0,Product Description,https://books.toscrape.com/catalogue/the-gutsy-girl-escapades-for-your-life-of-epic-adventure_934/index.html,2026-03-31T13:23:28.515056+00:00
The Electric Pencil: Drawings from Inside State Hospital No. 3,Nonfiction,,56.06,£56.06,1,In stock (16 available),a30b270e25489e5c,0,Product Description,https://books.toscrape.com/catalogue/the-electric-pencil-drawings-from-inside-state-hospital-no-3_933/index.html,2026-03-31T13:23:30.058643+00:00
The Death of Humanity: and the Case for Life,Philosophy,,58.11,£58.11,4,In stock (16 available),bd261725b99f5983,0,Product Description,https://books.toscrape.com/catalogue/the-death-of-humanity-and-the-case-for-life_932/index.html,2026-03-31T13:23:31.836302+00:00
"The Bulletproof Diet: Lose up to a Pound a Day, Reclaim Energy and Focus, Upgrade Your Life",Health,,49.05,£49.05,3,In stock (16 available),43c6a960757cf559,0,Product Description,https://books.toscrape.com/catalogue/the-bulletproof-diet-lose-up-to-a-pound-a-day-reclaim-energy-and-focus-upgrade-your-life_931/index.html,2026-03-31T13:23:33.483565+00:00
The Art Forger,Add a comment,,40.76,£40.76,3,In stock (16 available),80cfab6bcff3a244,0,Product Description,https://books.toscrape.com/catalogue/the-art-forger_930/index.html,2026-03-31T13:23:35.146531+00:00
The Age of Genius: The Seventeenth Century and the Birth of the Modern Mind,History,,19.73,£19.73,1,In stock (16 available),a3d2a4250807f1e9,0,Product Description,https://books.toscrape.com/catalogue/the-age-of-genius-the-seventeenth-century-and-the-birth-of-the-modern-mind_929/index.html,2026-03-31T13:23:36.763006+00:00
The Activist's Tao Te Ching: Ancient Advice for a Modern Revolution,Spirituality,,32.24,£32.24,5,In stock (16 available),7d6d2a6c0276f81b,0,Product Description,https://books.toscrape.com/catalogue/the-activists-tao-te-ching-ancient-advice-for-a-modern-revolution_928/index.html,2026-03-31T13:23:38.410571+00:00
Spark Joy: An Illustrated Master Class on the Art of Organizing and Tidying Up,Nonfiction,,41.83,£41.83,4,In stock (16 available),87b0615b6e1f4d7b,0,Product Description,https://books.toscrape.com/catalogue/spark-joy-an-illustrated-master-class-on-the-art-of-organizing-and-tidying-up_927/index.html,2026-03-31T13:23:39.997353+00:00
Soul Reader,Default,,39.58,£39.58,2,In stock (16 available),e6af5bf1163c1151,0,Product Description,https://books.toscrape.com/catalogue/soul-reader_926/index.html,2026-03-31T13:23:41.844325+00:00
Security,Horror,,39.25,£39.25,2,In stock (16 available),6f78a0d744c35456,0,Product Description,https://books.toscrape.com/catalogue/security_925/index.html,2026-03-31T13:23:43.445059+00:00
"Saga, Volume 6 (Saga (Collected Editions) #6)",Fantasy,,25.02,£25.02,3,In stock (16 available),c849f0b2f5d6a742,0,Product Description,https://books.toscrape.com/catalogue/saga-volume-6-saga-collected-editions-6_924/index.html,2026-03-31T13:23:45.068659+00:00
"Saga, Volume 5 (Saga (Collected Editions) #5)",Sequential Art,,51.04,£51.04,2,In stock (16 available),53a3d11bb568cc8b,0,Product Description,https://books.toscrape.com/catalogue/saga-volume-5-saga-collected-editions-5_923/index.html,2026-03-31T13:23:46.717805+00:00
Reskilling America: Learning to Labor in the Twenty-First Century,Nonfiction,,19.83,£19.83,2,In stock (16 available),d7310206583a54b6,0,Product Description,https://books.toscrape.com/catalogue/reskilling-america-learning-to-labor-in-the-twenty-first-century_922/index.html,2026-03-31T13:23:48.459095+00:00
"Rat Queens, Vol. 3: Demons (Rat Queens (Collected Editions) #11-15)",Sequential Art,,50.4,£50.40,3,In stock (16 available),c82a3e358c773c73,0,Product Description,https://books.toscrape.com/catalogue/rat-queens-vol-3-demons-rat-queens-collected-editions-11-15_921/index.html,2026-03-31T13:23:50.100852+00:00
"Princess Jellyfish 2-in-1 Omnibus, Vol. 01 (Princess Jellyfish 2-in-1 Omnibus #1)",Sequential Art,,13.61,£13.61,5,In stock (16 available),0fa6dceead7ce47a,0,Product Description,https://books.toscrape.com/catalogue/princess-jellyfish-2-in-1-omnibus-vol-01-princess-jellyfish-2-in-1-omnibus-1_920/index.html,2026-03-31T13:23:53.477597+00:00
Princess Between Worlds (Wide-Awake Princess #5),Fantasy,,13.34,£13.34,5,In stock (16 available),0e691eda369f4e09,0,Product Description,https://books.toscrape.com/catalogue/princess-between-worlds-wide-awake-princess-5_919/index.html,2026-03-31T13:23:55.188410+00:00
"Pop Gun War, Volume 1: Gift",Sequential Art,,18.97,£18.97,1,In stock (16 available),e80f8e518b300dfe,0,Product Description,https://books.toscrape.com/catalogue/pop-gun-war-volume-1-gift_918/index.html,2026-03-31T13:23:56.878701+00:00
"Political Suicide: Missteps, Peccadilloes, Bad Calls, Backroom Hijinx, Sordid Pasts, Rotten Breaks, and Just Plain Dumb Mistakes in the Annals of American Politics",History,,36.28,£36.28,2,In stock (16 available),7392c0032f92d816,0,Product Description,https://books.toscrape.com/catalogue/political-suicide-missteps-peccadilloes-bad-calls-backroom-hijinx-sordid-pasts-rotten-breaks-and-just-plain-dumb-mistakes-in-the-annals-of-american-politics_917/index.html,2026-03-31T13:23:58.565315+00:00
Patience,Sequential Art,,10.16,£10.16,3,In stock (16 available),9429b4d59c537af5,0,Product Description,https://books.toscrape.com/catalogue/patience_916/index.html,2026-03-31T13:24:00.271994+00:00
"Outcast, Vol. 1: A Darkness Surrounds Him (Outcast #1)",Sequential Art,,15.44,£15.44,4,In stock (16 available),889139b8e9c4cb36,0,Product Description,https://books.toscrape.com/catalogue/outcast-vol-1-a-darkness-surrounds-him-outcast-1_915/index.html,2026-03-31T13:24:01.932492+00:00
orange: The Complete Collection 1 (orange: The Complete Collection #1),Sequential Art,,48.41,£48.41,1,In stock (16 available),11809b1d323b3057,0,Product Description,https://books.toscrape.com/catalogue/orange-the-complete-collection-1-orange-the-complete-collection-1_914/index.html,2026-03-31T13:24:03.581562+00:00
Online Marketing for Busy Authors: A Step-By-Step Guide,Self Help,,46.35,£46.35,1,In stock (16 available),9ffa38d3b832433a,0,Product Description,https://books.toscrape.com/catalogue/online-marketing-for-busy-authors-a-step-by-step-guide_913/index.html,2026-03-31T13:24:05.207854+00:00
On a Midnight Clear,Add a comment,,14.07,£14.07,3,In stock (16 available),b757c0c361e689ce,0,Product Description,https://books.toscrape.com/catalogue/on-a-midnight-clear_912/index.html,2026-03-31T13:24:06.814530+00:00
Obsidian (Lux #1),Young Adult,,14.86,£14.86,2,In stock (16 available),3c346ab1e76ae1f6,0,Product Description,https://books.toscrape.com/catalogue/obsidian-lux-1_911/index.html,2026-03-31T13:24:08.424062+00:00
My Paris Kitchen: Recipes and Stories,Food and Drink,,33.37,£33.37,2,In stock (16 available),784bc2279baa878d,0,Product Description,https://books.toscrape.com/catalogue/my-paris-kitchen-recipes-and-stories_910/index.html,2026-03-31T13:24:09.966716+00:00
Masks and Shadows,Fantasy,,56.4,£56.40,2,In stock (16 available),fa9610a50a1bf149,0,Product Description,https://books.toscrape.com/catalogue/masks-and-shadows_909/index.html,2026-03-31T13:24:11.577159+00:00
"Mama Tried: Traditional Italian Cooking for the Screwed, Crude, Vegan, and Tattooed",Food and Drink,,14.02,£14.02,4,In stock (16 available),72f9d5be3472d34e,0,Product Description,https://books.toscrape.com/catalogue/mama-tried-traditional-italian-cooking-for-the-screwed-crude-vegan-and-tattooed_908/index.html,2026-03-31T13:24:13.269928+00:00
"Lumberjanes, Vol. 2: Friendship to the Max (Lumberjanes #5-8)",Sequential Art,,46.91,£46.91,2,In stock (16 available),460089f796fb3f82,0,Product Description,https://books.toscrape.com/catalogue/lumberjanes-vol-2-friendship-to-the-max-lumberjanes-5-8_907/index.html,2026-03-31T13:24:14.856311+00:00
"Lumberjanes, Vol. 1: Beware the Kitten Holy (Lumberjanes #1-4)",Sequential Art,,45.61,£45.61,3,In stock (16 available),b6ee99bcf06fc91f,0,Product Description,https://books.toscrape.com/catalogue/lumberjanes-vol-1-beware-the-kitten-holy-lumberjanes-1-4_906/index.html,2026-03-31T13:24:16.513113+00:00
Lumberjanes Vol. 3: A Terrible Plan (Lumberjanes #9-12),Sequential Art,,19.92,£19.92,2,In stock (16 available),57e5a4d515c8ce44,0,Product Description,https://books.toscrape.com/catalogue/lumberjanes-vol-3-a-terrible-plan-lumberjanes-9-12_905/index.html,2026-03-31T13:24:18.261182+00:00
"Layered: Baking, Building, and Styling Spectacular Cakes",Food and Drink,,40.11,£40.11,1,In stock (16 available),7b75cc7f223791f4,0,Product Description,https://books.toscrape.com/catalogue/layered-baking-building-and-styling-spectacular-cakes_904/index.html,2026-03-31T13:24:19.853307+00:00
Judo: Seven Steps to Black Belt (an Introductory Guide for Beginners),Add a comment,,53.9,£53.90,2,In stock (16 available),228f74b74f3a08ae,0,Product Description,https://books.toscrape.com/catalogue/judo-seven-steps-to-black-belt-an-introductory-guide-for-beginners_903/index.html,2026-03-31T13:24:21.590871+00:00
Join,Science Fiction,,35.67,£35.67,5,In stock (16 available),18ad3ed896c7ce05,0,Product Description,https://books.toscrape.com/catalogue/join_902/index.html,2026-03-31T13:24:23.238652+00:00
In the Country We Love: My Family Divided,Nonfiction,,22.0,£22.00,4,In stock (16 available),b136b1b180ca753a,0,Product Description,https://books.toscrape.com/catalogue/in-the-country-we-love-my-family-divided_901/index.html,2026-03-31T13:24:24.879410+00:00
Immunity: How Elie Metchnikoff Changed the Course of Modern Medicine,Science,,57.36,£57.36,5,In stock (16 available),e4f74c16de34d440,0,Product Description,https://books.toscrape.com/catalogue/immunity-how-elie-metchnikoff-changed-the-course-of-modern-medicine_900/index.html,2026-03-31T13:24:28.233368+00:00
"I Hate Fairyland, Vol. 1: Madly Ever After (I Hate Fairyland (Compilations) #1-5)",Sequential Art,,29.17,£29.17,2,In stock (16 available),8d4eefad7a2b3915,0,Product Description,https://books.toscrape.com/catalogue/i-hate-fairyland-vol-1-madly-ever-after-i-hate-fairyland-compilations-1-5_899/index.html,2026-03-31T13:24:29.888499+00:00
I am a Hero Omnibus Volume 1,Sequential Art,,54.63,£54.63,3,In stock (16 available),1c89ae5bb804e4de,0,Product Description,https://books.toscrape.com/catalogue/i-am-a-hero-omnibus-volume-1_898/index.html,2026-03-31T13:24:31.553173+00:00
How to Be Miserable: 40 Strategies You Already Use,Self Help,,46.03,£46.03,1,In stock (16 available),a6f99b9e687f9d46,0,Product Description,https://books.toscrape.com/catalogue/how-to-be-miserable-40-strategies-you-already-use_897/index.html,2026-03-31T13:24:33.134739+00:00
Her Backup Boyfriend (The Sorensen Family #1),Romance,,33.97,£33.97,1,In stock (16 available),2a97cffe61c3c4c7,0,Product Description,https://books.toscrape.com/catalogue/her-backup-boyfriend-the-sorensen-family-1_896/index.html,2026-03-31T13:24:34.750157+00:00
"Giant Days, Vol. 2 (Giant Days #5-8)",Sequential Art,,22.11,£22.11,2,In stock (16 available),f2df3bb043a8abb0,0,Product Description,https://books.toscrape.com/catalogue/giant-days-vol-2-giant-days-5-8_895/index.html,2026-03-31T13:24:36.674672+00:00
Forever and Forever: The Courtship of Henry Longfellow and Fanny Appleton,Historical Fiction,,29.69,£29.69,3,In stock (16 available),9beb96a2300109d7,0,Product Description,https://books.toscrape.com/catalogue/forever-and-forever-the-courtship-of-henry-longfellow-and-fanny-appleton_894/index.html,2026-03-31T13:24:38.482045+00:00
First and First (Five Boroughs #3),Romance,,15.97,£15.97,4,In stock (16 available),9e28048cea8d41f7,0,Product Description,https://books.toscrape.com/catalogue/first-and-first-five-boroughs-3_893/index.html,2026-03-31T13:24:40.164683+00:00
Fifty Shades Darker (Fifty Shades #2),Romance,,21.96,£21.96,1,In stock (16 available),7add3f8e49ec0826,0,Product Description,https://books.toscrape.com/catalogue/fifty-shades-darker-fifty-shades-2_892/index.html,2026-03-31T13:24:41.803329+00:00
Everydata: The Misinformation Hidden in the Little Data You Consume Every Day,Nonfiction,,54.35,£54.35,2,In stock (16 available),311c0dd0e354a33e,0,Product Description,https://books.toscrape.com/catalogue/everydata-the-misinformation-hidden-in-the-little-data-you-consume-every-day_891/index.html,2026-03-31T13:24:43.604450+00:00
"Don't Be a Jerk: And Other Practical Advice from Dogen, Japan's Greatest Zen Master",Religion,,37.97,£37.97,2,In stock (16 available),fce19f9b4a943f22,0,Product Description,https://books.toscrape.com/catalogue/dont-be-a-jerk-and-other-practical-advice-from-dogen-japans-greatest-zen-master_890/index.html,2026-03-31T13:24:45.564807+00:00
Danganronpa Volume 1,Sequential Art,,51.99,£51.99,4,In stock (16 available),09b6cc87e62c2c58,0,Product Description,https://books.toscrape.com/catalogue/danganronpa-volume-1_889/index.html,2026-03-31T13:24:47.340314+00:00
Crown of Midnight (Throne of Glass #2),Fantasy,,43.29,£43.29,3,In stock (16 available),7267864328ae8b9d,0,Product Description,https://books.toscrape.com/catalogue/crown-of-midnight-throne-of-glass-2_888/index.html,2026-03-31T13:24:49.081366+00:00
"Codename Baboushka, Volume 1: The Conclave of Death",Sequential Art,,36.72,£36.72,4,In stock (16 available),8754c83ab2a7ae71,0,Product Description,https://books.toscrape.com/catalogue/codename-baboushka-volume-1-the-conclave-of-death_887/index.html,2026-03-31T13:24:50.691563+00:00
Camp Midnight,Sequential Art,,17.08,£17.08,4,In stock (16 available),7b599c8bfcdd8d30,0,Product Description,https://books.toscrape.com/catalogue/camp-midnight_886/index.html,2026-03-31T13:24:52.279118+00:00
Call the Nurse: True Stories of a Country Nurse on a Scottish Isle,Nonfiction,,29.14,£29.14,5,In stock (16 available),bee3672891cca906,0,Product Description,https://books.toscrape.com/catalogue/call-the-nurse-true-stories-of-a-country-nurse-on-a-scottish-isle_885/index.html,2026-03-31T13:24:54.000499+00:00
Burning,Young Adult,,28.81,£28.81,3,In stock (16 available),5ceb951f629700a2,0,Product Description,https://books.toscrape.com/catalogue/burning_884/index.html,2026-03-31T13:24:55.732252+00:00
Bossypants,Default,,49.46,£49.46,2,In stock (16 available),74baabfc8fd84b38,0,Product Description,https://books.toscrape.com/catalogue/bossypants_883/index.html,2026-03-31T13:24:57.348568+00:00
"Bitch Planet, Vol. 1: Extraordinary Machine (Bitch Planet (Collected Editions))",Sequential Art,,37.92,£37.92,2,In stock (16 available),bdf415fd484ea8a7,0,Product Description,https://books.toscrape.com/catalogue/bitch-planet-vol-1-extraordinary-machine-bitch-planet-collected-editions_882/index.html,2026-03-31T13:24:59.000817+00:00
"Avatar: The Last Airbender: Smoke and Shadow, Part 3 (Smoke and Shadow #3)",Fantasy,,28.09,£28.09,2,In stock (16 available),6d5300b2d8f37e07,0,Product Description,https://books.toscrape.com/catalogue/avatar-the-last-airbender-smoke-and-shadow-part-3-smoke-and-shadow-3_881/index.html,2026-03-31T13:25:00.685501+00:00
Algorithms to Live By: The Computer Science of Human Decisions,Nonfiction,,30.81,£30.81,1,In stock (16 available),38d45839cb1c83c1,0,Product Description,https://books.toscrape.com/catalogue/algorithms-to-live-by-the-computer-science-of-human-decisions_880/index.html,2026-03-31T13:25:04.071017+00:00
A World of Flavor: Your Gluten Free Passport,Default,,42.95,£42.95,1,In stock (16 available),70ed59f194b3c556,0,Product Description,https://books.toscrape.com/catalogue/a-world-of-flavor-your-gluten-free-passport_879/index.html,2026-03-31T13:25:05.765835+00:00
"A Piece of Sky, a Grain of Rice: A Memoir in Four Meditations",Default,,56.76,£56.76,5,In stock (16 available),8a380641491d43ed,0,Product Description,https://books.toscrape.com/catalogue/a-piece-of-sky-a-grain-of-rice-a-memoir-in-four-meditations_878/index.html,2026-03-31T13:25:07.401737+00:00
A Murder in Time,Mystery,,16.64,£16.64,1,In stock (16 available),f733e8c19d40ec2e,0,Product Description,https://books.toscrape.com/catalogue/a-murder-in-time_877/index.html,2026-03-31T13:25:09.159921+00:00
A Flight of Arrows (The Pathfinders #2),Historical Fiction,,55.53,£55.53,5,In stock (16 available),3a6fb983e2554023,0,Product Description,https://books.toscrape.com/catalogue/a-flight-of-arrows-the-pathfinders-2_876/index.html,2026-03-31T13:25:10.786309+00:00
A Fierce and Subtle Poison,Young Adult,,28.13,£28.13,4,In stock (16 available),842790dfaa937484,0,Product Description,https://books.toscrape.com/catalogue/a-fierce-and-subtle-poison_875/index.html,2026-03-31T13:25:12.428129+00:00
A Court of Thorns and Roses (A Court of Thorns and Roses #1),Fantasy,,52.37,£52.37,1,In stock (16 available),01d2001ac1e6f8a3,0,Product Description,https://books.toscrape.com/catalogue/a-court-of-thorns-and-roses-a-court-of-thorns-and-roses-1_874/index.html,2026-03-31T13:25:14.079535+00:00
(Un)Qualified: How God Uses Broken People to Do Big Things,Christian,,54.0,£54.00,5,In stock (16 available),e4ac92d89b946781,0,Product Description,https://books.toscrape.com/catalogue/unqualified-how-god-uses-broken-people-to-do-big-things_873/index.html,2026-03-31T13:25:15.669675+00:00
You Are What You Love: The Spiritual Power of Habit,Religion,,21.87,£21.87,4,In stock (15 available),796c87ddbbaaf8c5,0,Product Description,https://books.toscrape.com/catalogue/you-are-what-you-love-the-spiritual-power-of-habit_872/index.html,2026-03-31T13:25:17.251518+00:00
"William Shakespeare's Star Wars: Verily, A New Hope (William Shakespeare's Star Wars #4)",Science Fiction,,43.3,£43.30,4,In stock (15 available),9270575728a13a61,0,Product Description,https://books.toscrape.com/catalogue/william-shakespeares-star-wars-verily-a-new-hope-william-shakespeares-star-wars-4_871/index.html,2026-03-31T13:25:19.069322+00:00
Tuesday Nights in 1980,Fiction,,21.04,£21.04,2,In stock (15 available),b8736690cf263a3c,0,Product Description,https://books.toscrape.com/catalogue/tuesday-nights-in-1980_870/index.html,2026-03-31T13:25:20.786862+00:00
Tracing Numbers on a Train,Default,,41.6,£41.60,3,In stock (15 available),d7d6d50c1e3d0b81,0,Product Description,https://books.toscrape.com/catalogue/tracing-numbers-on-a-train_869/index.html,2026-03-31T13:25:22.468175+00:00
Throne of Glass (Throne of Glass #1),Fantasy,,35.07,£35.07,3,In stock (15 available),590a9cccf7db9f7d,0,Product Description,https://books.toscrape.com/catalogue/throne-of-glass-throne-of-glass-1_868/index.html,2026-03-31T13:25:24.199723+00:00
Thomas Jefferson and the Tripoli Pirates: The Forgotten War That Changed American History,History,,59.64,£59.64,1,In stock (15 available),de3f25248ba0789f,0,Product Description,https://books.toscrape.com/catalogue/thomas-jefferson-and-the-tripoli-pirates-the-forgotten-war-that-changed-american-history_867/index.html,2026-03-31T13:25:25.847648+00:00
Thirteen Reasons Why,Default,,52.72,£52.72,1,In stock (15 available),bc2a85fd35fdc7bd,0,Product Description,https://books.toscrape.com/catalogue/thirteen-reasons-why_866/index.html,2026-03-31T13:25:27.547766+00:00
The White Cat and the Monk: A Retelling of the Poem “Pangur Bán”,Childrens,,58.08,£58.08,4,In stock (15 available),37c0cb19713d8dda,0,Product Description,https://books.toscrape.com/catalogue/the-white-cat-and-the-monk-a-retelling-of-the-poem-pangur-ban_865/index.html,2026-03-31T13:25:29.245488+00:00
The Wedding Dress,Romance,,24.12,£24.12,1,In stock (15 available),623e1a180426039b,0,Product Description,https://books.toscrape.com/catalogue/the-wedding-dress_864/index.html,2026-03-31T13:25:30.829816+00:00
The Vacationers,Fiction,,42.15,£42.15,4,In stock (15 available),fd3a622648667296,0,Product Description,https://books.toscrape.com/catalogue/the-vacationers_863/index.html,2026-03-31T13:25:32.474534+00:00
The Third Wave: An Entrepreneur’s Vision of the Future,Business,,12.61,£12.61,5,In stock (15 available),3bebf34ee9330cbd,0,Product Description,https://books.toscrape.com/catalogue/the-third-wave-an-entrepreneurs-vision-of-the-future_862/index.html,2026-03-31T13:25:34.323525+00:00
The Stranger,Philosophy,,17.44,£17.44,4,In stock (15 available),f5a92cff83897d48,0,Product Description,https://books.toscrape.com/catalogue/the-stranger_861/index.html,2026-03-31T13:25:35.967450+00:00
The Shadow Hero (The Shadow Hero),Sequential Art,,33.14,£33.14,1,In stock (15 available),d6361d16212664ed,0,Product Description,https://books.toscrape.com/catalogue/the-shadow-hero-the-shadow-hero_860/index.html,2026-03-31T13:25:39.527664+00:00
The Secret (The Secret #1),Default,,27.37,£27.37,4,In stock (15 available),961f18db4f138211,0,Product Description,https://books.toscrape.com/catalogue/the-secret-the-secret-1_859/index.html,2026-03-31T13:25:41.160961+00:00
The Regional Office Is Under Attack!,Fiction,,51.36,£51.36,5,In stock (15 available),0651062381f0636a,0,Product Description,https://books.toscrape.com/catalogue/the-regional-office-is-under-attack_858/index.html,2026-03-31T13:25:42.932079+00:00
The Psychopath Test: A Journey Through the Madness Industry,Default,,36.0,£36.00,2,In stock (15 available),e98a4efa85070c2f,0,Product Description,https://books.toscrape.com/catalogue/the-psychopath-test-a-journey-through-the-madness-industry_857/index.html,2026-03-31T13:25:44.559111+00:00
The Project,Science Fiction,,10.65,£10.65,1,In stock (15 available),790ef197c8f236f5,0,Product Description,https://books.toscrape.com/catalogue/the-project_856/index.html,2026-03-31T13:25:46.145565+00:00
The Power of Now: A Guide to Spiritual Enlightenment,Nonfiction,,43.54,£43.54,2,In stock (15 available),8ec14b1576cb7cb5,0,Product Description,https://books.toscrape.com/catalogue/the-power-of-now-a-guide-to-spiritual-enlightenment_855/index.html,2026-03-31T13:25:47.750931+00:00
The Omnivore's Dilemma: A Natural History of Four Meals,Nonfiction,,38.21,£38.21,2,In stock (15 available),209adad1015af86f,0,Product Description,https://books.toscrape.com/catalogue/the-omnivores-dilemma-a-natural-history-of-four-meals_854/index.html,2026-03-31T13:25:49.337399+00:00
The Nerdy Nummies Cookbook: Sweet Treats for the Geek in All of Us,Food and Drink,,37.34,£37.34,5,In stock (15 available),e4c7f3487d17fd42,0,Product Description,https://books.toscrape.com/catalogue/the-nerdy-nummies-cookbook-sweet-treats-for-the-geek-in-all-of-us_853/index.html,2026-03-31T13:25:50.990957+00:00
The Murder of Roger Ackroyd (Hercule Poirot #4),Mystery,,44.1,£44.10,4,In stock (15 available),c7b5183f4d1d4efe,0,Product Description,https://books.toscrape.com/catalogue/the-murder-of-roger-ackroyd-hercule-poirot-4_852/index.html,2026-03-31T13:25:52.711624+00:00
The Mistake (Off-Campus #2),New Adult,,43.29,£43.29,3,In stock (15 available),99ff4cc6491e8f5c,0,Product Description,https://books.toscrape.com/catalogue/the-mistake-off-campus-2_851/index.html,2026-03-31T13:25:54.325264+00:00
The Matchmaker's Playbook (Wingmen Inc. #1),New Adult,,55.85,£55.85,1,In stock (15 available),08db62f24627e71f,0,Product Description,https://books.toscrape.com/catalogue/the-matchmakers-playbook-wingmen-inc-1_850/index.html,2026-03-31T13:25:55.931522+00:00
The Love and Lemons Cookbook: An Apple-to-Zucchini Celebration of Impromptu Cooking,Food and Drink,,37.6,£37.60,2,In stock (15 available),e28e330cbdf01126,0,Product Description,https://books.toscrape.com/catalogue/the-love-and-lemons-cookbook-an-apple-to-zucchini-celebration-of-impromptu-cooking_849/index.html,2026-03-31T13:25:57.556845+00:00
The Long Shadow of Small Ghosts: Murder and Memory in an American City,Crime,,10.97,£10.97,1,In stock (15 available),abeafe151a587d3b,0,Product Description,https://books.toscrape.com/catalogue/the-long-shadow-of-small-ghosts-murder-and-memory-in-an-american-city_848/index.html,2026-03-31T13:25:59.115283+00:00
The Kite Runner,Default,,41.82,£41.82,4,In stock (15 available),eac1a180047ad54e,0,Product Description,https://books.toscrape.com/catalogue/the-kite-runner_847/index.html,2026-03-31T13:26:00.725848+00:00
The House by the Lake,Historical Fiction,,36.95,£36.95,1,In stock (15 available),9287e238d7c3b06e,0,Product Description,https://books.toscrape.com/catalogue/the-house-by-the-lake_846/index.html,2026-03-31T13:26:02.382850+00:00
The Glittering Court (The Glittering Court #1),Fantasy,,44.28,£44.28,1,In stock (15 available),2dbb7ec08cdd7f3c,0,Product Description,https://books.toscrape.com/catalogue/the-glittering-court-the-glittering-court-1_845/index.html,2026-03-31T13:26:04.186351+00:00
The Girl on the Train,Default,,55.02,£55.02,2,In stock (15 available),e956d67c9bcc5809,0,Product Description,https://books.toscrape.com/catalogue/the-girl-on-the-train_844/index.html,2026-03-31T13:26:05.806905+00:00
The Genius of Birds,Nonfiction,,17.24,£17.24,1,In stock (15 available),42d0d7c92b75fc1c,0,Product Description,https://books.toscrape.com/catalogue/the-genius-of-birds_843/index.html,2026-03-31T13:26:07.480971+00:00
The Emerald Mystery,Default,,23.15,£23.15,2,In stock (15 available),d6670dfe3e7b42bd,0,Product Description,https://books.toscrape.com/catalogue/the-emerald-mystery_842/index.html,2026-03-31T13:26:09.222097+00:00
The Cookies & Cups Cookbook: 125+ sweet & savory recipes reminding you to Always Eat Dessert First,Food and Drink,,41.25,£41.25,1,In stock (15 available),96a38e7c813d8f1d,0,Product Description,https://books.toscrape.com/catalogue/the-cookies-cups-cookbook-125-sweet-savory-recipes-reminding-you-to-always-eat-dessert-first_841/index.html,2026-03-31T13:26:10.876722+00:00
The Bridge to Consciousness: I'm Writing the Bridge Between Science and Our Old and New Beliefs.,Default,,32.0,£32.00,3,In stock (15 available),efc3768127714ec3,0,,https://books.toscrape.com/catalogue/the-bridge-to-consciousness-im-writing-the-bridge-between-science-and-our-old-and-new-beliefs_840/index.html,2026-03-31T13:26:14.444850+00:00
The Artist's Way: A Spiritual Path to Higher Creativity,Nonfiction,,38.49,£38.49,5,In stock (15 available),dd047728de72ad62,0,Product Description,https://books.toscrape.com/catalogue/the-artists-way-a-spiritual-path-to-higher-creativity_839/index.html,2026-03-31T13:26:16.302183+00:00
The Art of War,Default,,33.34,£33.34,5,In stock (15 available),e7469e22b5bfb3e7,0,Product Description,https://books.toscrape.com/catalogue/the-art-of-war_838/index.html,2026-03-31T13:26:18.018676+00:00
The Argonauts,Autobiography,,10.93,£10.93,2,In stock (15 available),c99761a700ade23f,0,Product Description,https://books.toscrape.com/catalogue/the-argonauts_837/index.html,2026-03-31T13:26:19.687398+00:00
The 10% Entrepreneur: Live Your Startup Dream Without Quitting Your Day Job,Business,,27.55,£27.55,3,In stock (15 available),56e4f9eab2e8e674,0,Product Description,https://books.toscrape.com/catalogue/the-10-entrepreneur-live-your-startup-dream-without-quitting-your-day-job_836/index.html,2026-03-31T13:26:21.307296+00:00
Suddenly in Love (Lake Haven #1),Romance,,55.99,£55.99,2,In stock (15 available),203b7f94b7d6115f,0,Product Description,https://books.toscrape.com/catalogue/suddenly-in-love-lake-haven-1_835/index.html,2026-03-31T13:26:22.882564+00:00
Something More Than This,Romance,,16.24,£16.24,4,In stock (15 available),ca71e72655bece85,0,Product Description,https://books.toscrape.com/catalogue/something-more-than-this_834/index.html,2026-03-31T13:26:24.652968+00:00
Soft Apocalypse,Science Fiction,,26.12,£26.12,2,In stock (15 available),2a70769cdc6eb8b8,0,Product Description,https://books.toscrape.com/catalogue/soft-apocalypse_833/index.html,2026-03-31T13:26:26.299106+00:00
So You've Been Publicly Shamed,Nonfiction,,12.23,£12.23,2,In stock (15 available),1b33663ad7b95fd8,0,Product Description,https://books.toscrape.com/catalogue/so-youve-been-publicly-shamed_832/index.html,2026-03-31T13:26:27.982093+00:00
Shoe Dog: A Memoir by the Creator of NIKE,Business,,23.99,£23.99,2,In stock (15 available),0e0dcc3339602b28,0,Product Description,https://books.toscrape.com/catalogue/shoe-dog-a-memoir-by-the-creator-of-nike_831/index.html,2026-03-31T13:26:29.640727+00:00
"Shobu Samurai, Project Aryoku (#3)",Add a comment,,29.06,£29.06,3,In stock (15 available),0c27e6c3744fc14b,0,Product Description,https://books.toscrape.com/catalogue/shobu-samurai-project-aryoku-3_830/index.html,2026-03-31T13:26:31.297442+00:00
Secrets and Lace (Fatal Hearts #1),Default,,20.27,£20.27,1,In stock (15 available),ad04ad9fc179fc5d,0,Product Description,https://books.toscrape.com/catalogue/secrets-and-lace-fatal-hearts-1_829/index.html,2026-03-31T13:26:32.892462+00:00
Scarlett Epstein Hates It Here,Young Adult,,43.55,£43.55,5,In stock (15 available),1c929cfd16b71907,0,Product Description,https://books.toscrape.com/catalogue/scarlett-epstein-hates-it-here_828/index.html,2026-03-31T13:26:34.465156+00:00
Romero and Juliet: A Tragic Tale of Love and Zombies,Default,,36.94,£36.94,1,In stock (15 available),e656e280bc8edd56,0,Product Description,https://books.toscrape.com/catalogue/romero-and-juliet-a-tragic-tale-of-love-and-zombies_827/index.html,2026-03-31T13:26:36.138119+00:00
Redeeming Love,Christian Fiction,,20.47,£20.47,5,In stock (15 available),b53db2271c9624f7,0,Product Description,https://books.toscrape.com/catalogue/redeeming-love_826/index.html,2026-03-31T13:26:37.929339+00:00
Poses for Artists Volume 1 - Dynamic and Sitting Poses: An Essential Reference for Figure Drawing and the Human Form,Default,,41.06,£41.06,1,In stock (15 available),d9c643fa1fc57bdb,0,Product Description,https://books.toscrape.com/catalogue/poses-for-artists-volume-1-dynamic-and-sitting-poses-an-essential-reference-for-figure-drawing-and-the-human-form_825/index.html,2026-03-31T13:26:39.509475+00:00
Poems That Make Grown Women Cry,Poetry,,14.19,£14.19,4,In stock (15 available),31001a1210623bd4,0,Product Description,https://books.toscrape.com/catalogue/poems-that-make-grown-women-cry_824/index.html,2026-03-31T13:26:41.064531+00:00
"Nightingale, Sing",Young Adult,,38.28,£38.28,1,In stock (15 available),50b8f80311b31ede,0,Product Description,https://books.toscrape.com/catalogue/nightingale-sing_823/index.html,2026-03-31T13:26:42.708959+00:00
Night Sky with Exit Wounds,Poetry,,41.05,£41.05,1,In stock (15 available),cfeb1e1e0e695b58,0,Product Description,https://books.toscrape.com/catalogue/night-sky-with-exit-wounds_822/index.html,2026-03-31T13:26:44.481476+00:00
Mrs. Houdini,Historical Fiction,,30.25,£30.25,5,In stock (15 available),a40723994f715420,0,Product Description,https://books.toscrape.com/catalogue/mrs-houdini_821/index.html,2026-03-31T13:26:46.068799+00:00
Modern Romance,Add a comment,,28.26,£28.26,5,In stock (15 available),caf4fe9311f1dc59,0,Product Description,https://books.toscrape.com/catalogue/modern-romance_820/index.html,2026-03-31T13:26:49.540888+00:00
Miss Peregrine’s Home for Peculiar Children (Miss Peregrine’s Peculiar Children #1),Default,,10.76,£10.76,1,In stock (15 available),af96613fdd793a3c,0,Product Description,https://books.toscrape.com/catalogue/miss-peregrines-home-for-peculiar-children-miss-peregrines-peculiar-children-1_819/index.html,2026-03-31T13:26:51.216956+00:00
Louisa: The Extraordinary Life of Mrs. Adams,Biography,,16.85,£16.85,2,In stock (15 available),d69dd8dac66f9f84,0,Product Description,https://books.toscrape.com/catalogue/louisa-the-extraordinary-life-of-mrs-adams_818/index.html,2026-03-31T13:26:52.792553+00:00
Little Red,Childrens,,13.47,£13.47,3,In stock (15 available),4aa03792b50f0b22,0,Product Description,https://books.toscrape.com/catalogue/little-red_817/index.html,2026-03-31T13:26:54.517632+00:00
Library of Souls (Miss Peregrine’s Peculiar Children #3),Young Adult,,48.56,£48.56,5,In stock (15 available),ba54932df84e8cea,0,Product Description,https://books.toscrape.com/catalogue/library-of-souls-miss-peregrines-peculiar-children-3_816/index.html,2026-03-31T13:26:56.387854+00:00
Large Print Heart of the Pride,Default,,19.15,£19.15,2,In stock (15 available),c1afd71fc86bf682,0,Product Description,https://books.toscrape.com/catalogue/large-print-heart-of-the-pride_815/index.html,2026-03-31T13:26:57.951838+00:00
I Had a Nice Time And Other Lies...: How to find love & sh*t like that,Womens Fiction,,57.36,£57.36,4,In stock (15 available),fd8585283fc7d2d7,0,Product Description,https://books.toscrape.com/catalogue/i-had-a-nice-time-and-other-lies-how-to-find-love-sht-like-that_814/index.html,2026-03-31T13:26:59.851954+00:00
Hollow City (Miss Peregrine’s Peculiar Children #2),Fantasy,,42.98,£42.98,1,In stock (15 available),4ce91d31c1e57c33,0,Product Description,https://books.toscrape.com/catalogue/hollow-city-miss-peregrines-peculiar-children-2_813/index.html,2026-03-31T13:27:01.538256+00:00
Grumbles,Default,,22.16,£22.16,2,In stock (15 available),d163dd6c352fbcd2,0,Product Description,https://books.toscrape.com/catalogue/grumbles_812/index.html,2026-03-31T13:27:03.278817+00:00
Full Moon over Noah’s Ark: An Odyssey to Mount Ararat and Beyond,Travel,,49.43,£49.43,4,In stock (15 available),ce60436f52c5ee68,0,Product Description,https://books.toscrape.com/catalogue/full-moon-over-noahs-ark-an-odyssey-to-mount-ararat-and-beyond_811/index.html,2026-03-31T13:27:04.932076+00:00
Frostbite (Vampire Academy #2),Young Adult,,29.99,£29.99,5,In stock (15 available),116a2fdc9a45bab0,0,Product Description,https://books.toscrape.com/catalogue/frostbite-vampire-academy-2_810/index.html,2026-03-31T13:27:06.652127+00:00
Follow You Home,Horror,,21.36,£21.36,1,In stock (15 available),8585760646e3aa2a,0,Product Description,https://books.toscrape.com/catalogue/follow-you-home_809/index.html,2026-03-31T13:27:08.356875+00:00
First Steps for New Christians (Print Edition),Default,,29.0,£29.00,1,In stock (15 available),2f88b08bf0a0e367,0,Product Description,https://books.toscrape.com/catalogue/first-steps-for-new-christians-print-edition_808/index.html,2026-03-31T13:27:09.950016+00:00
Finders Keepers (Bill Hodges Trilogy #2),Fiction,,53.53,£53.53,5,In stock (15 available),edb3097e71330040,0,Product Description,https://books.toscrape.com/catalogue/finders-keepers-bill-hodges-trilogy-2_807/index.html,2026-03-31T13:27:11.581708+00:00
"Fables, Vol. 1: Legends in Exile (Fables #1)",Sequential Art,,41.62,£41.62,4,In stock (15 available),65d034adf80834b7,0,Product Description,https://books.toscrape.com/catalogue/fables-vol-1-legends-in-exile-fables-1_806/index.html,2026-03-31T13:27:13.269754+00:00
Eureka Trivia 6.0,Default,,54.59,£54.59,4,In stock (15 available),29c0025455f8c585,0,Product Description,https://books.toscrape.com/catalogue/eureka-trivia-60_805/index.html,2026-03-31T13:27:14.954386+00:00
Drive: The Surprising Truth About What Motivates Us,Default,,34.95,£34.95,4,In stock (15 available),6ffb36aaeff1c81e,0,Product Description,https://books.toscrape.com/catalogue/drive-the-surprising-truth-about-what-motivates-us_804/index.html,2026-03-31T13:27:16.614607+00:00
Done Rubbed Out (Reightman & Bailey #1),Default,,37.72,£37.72,5,In stock (15 available),f6d967cdadc6fbd9,0,Product Description,https://books.toscrape.com/catalogue/done-rubbed-out-reightman-bailey-1_803/index.html,2026-03-31T13:27:18.276074+00:00
Doing It Over (Most Likely To #1),Romance,,35.61,£35.61,3,In stock (15 available),3a11bb962ff45b78,0,Product Description,https://books.toscrape.com/catalogue/doing-it-over-most-likely-to-1_802/index.html,2026-03-31T13:27:20.008515+00:00
"Deliciously Ella Every Day: Quick and Easy Recipes for Gluten-Free Snacks, Packed Lunches, and Simple Meals",Food and Drink,,42.16,£42.16,3,In stock (15 available),46c1530d7546ea6d,0,Product Description,https://books.toscrape.com/catalogue/deliciously-ella-every-day-quick-and-easy-recipes-for-gluten-free-snacks-packed-lunches-and-simple-meals_801/index.html,2026-03-31T13:27:21.677750+00:00
Dark Notes,Erotica,,19.19,£19.19,5,In stock (15 available),88c21fcd38e2486e,0,Product Description,https://books.toscrape.com/catalogue/dark-notes_800/index.html,2026-03-31T13:27:25.145940+00:00
"Daring Greatly: How the Courage to Be Vulnerable Transforms the Way We Live, Love, Parent, and Lead",Nonfiction,,19.43,£19.43,3,In stock (15 available),3b9a3b4624b7fd6d,0,Product Description,https://books.toscrape.com/catalogue/daring-greatly-how-the-courage-to-be-vulnerable-transforms-the-way-we-live-love-parent-and-lead_799/index.html,2026-03-31T13:27:26.793616+00:00
Close to You,Christian Fiction,,49.46,£49.46,4,In stock (15 available),a57b1dcbd6849222,0,Product Description,https://books.toscrape.com/catalogue/close-to-you_798/index.html,2026-03-31T13:27:28.545751+00:00
Chasing Heaven: What Dying Taught Me About Living,Spirituality,,37.8,£37.80,2,In stock (15 available),513271dadc1322ae,0,Product Description,https://books.toscrape.com/catalogue/chasing-heaven-what-dying-taught-me-about-living_797/index.html,2026-03-31T13:27:30.204099+00:00
Big Magic: Creative Living Beyond Fear,Nonfiction,,30.8,£30.80,3,In stock (15 available),1f329c2e7d7de8bd,0,Product Description,https://books.toscrape.com/catalogue/big-magic-creative-living-beyond-fear_796/index.html,2026-03-31T13:27:32.117601+00:00
Becoming Wise: An Inquiry into the Mystery and Art of Living,Nonfiction,,27.43,£27.43,2,In stock (15 available),919e7cb2269a25d2,0,Product Description,https://books.toscrape.com/catalogue/becoming-wise-an-inquiry-into-the-mystery-and-art-of-living_795/index.html,2026-03-31T13:27:33.838811+00:00
Beauty Restored (Riley Family Legacy Novellas #3),Default,,11.11,£11.11,2,In stock (15 available),3f69e667a67e54d9,0,Product Description,https://books.toscrape.com/catalogue/beauty-restored-riley-family-legacy-novellas-3_794/index.html,2026-03-31T13:27:35.447227+00:00
Batman: The Long Halloween (Batman),Sequential Art,,36.5,£36.50,2,In stock (15 available),7edc0527cf782e19,0,Product Description,https://books.toscrape.com/catalogue/batman-the-long-halloween-batman_793/index.html,2026-03-31T13:27:37.102861+00:00
Batman: The Dark Knight Returns (Batman),Sequential Art,,15.38,£15.38,5,In stock (15 available),47271d8e08b5d31c,0,Product Description,https://books.toscrape.com/catalogue/batman-the-dark-knight-returns-batman_792/index.html,2026-03-31T13:27:38.778908+00:00
Ayumi's Violin,Default,,15.48,£15.48,2,In stock (15 available),05f7c6d9a4e582d3,0,Product Description,https://books.toscrape.com/catalogue/ayumis-violin_791/index.html,2026-03-31T13:27:40.472137+00:00
Anonymous,Default,,46.82,£46.82,4,In stock (15 available),d24b829be2ca81c4,0,Product Description,https://books.toscrape.com/catalogue/anonymous_790/index.html,2026-03-31T13:27:42.104334+00:00
Amy Meets the Saints and Sages,Default,,18.46,£18.46,3,In stock (15 available),7ebfa6c1bee69e1e,0,Product Description,https://books.toscrape.com/catalogue/amy-meets-the-saints-and-sages_789/index.html,2026-03-31T13:27:43.886896+00:00
Amid the Chaos,Cultural,,36.58,£36.58,1,In stock (15 available),bb8245f52c7cce8f,0,Product Description,https://books.toscrape.com/catalogue/amid-the-chaos_788/index.html,2026-03-31T13:27:45.472016+00:00
Amatus,Default,,50.54,£50.54,5,In stock (15 available),ffd54178acc9a6a5,0,Product Description,https://books.toscrape.com/catalogue/amatus_787/index.html,2026-03-31T13:27:47.064952+00:00
Agnostic: A Spirited Manifesto,Nonfiction,,12.51,£12.51,5,In stock (15 available),d195e7f4ed697350,0,Product Description,https://books.toscrape.com/catalogue/agnostic-a-spirited-manifesto_786/index.html,2026-03-31T13:27:48.692638+00:00
Zealot: The Life and Times of Jesus of Nazareth,History,,24.7,£24.70,3,In stock (14 available),dd5bfa6cc2c0ecc3,0,Product Description,https://books.toscrape.com/catalogue/zealot-the-life-and-times-of-jesus-of-nazareth_785/index.html,2026-03-31T13:27:50.286205+00:00
You (You #1),Thriller,,43.61,£43.61,5,In stock (14 available),024387ca4cafd5cc,0,Product Description,https://books.toscrape.com/catalogue/you-you-1_784/index.html,2026-03-31T13:27:52.016997+00:00
"Wonder Woman: Earth One, Volume One (Wonder Woman: Earth One #1)",Sequential Art,,37.34,£37.34,4,In stock (14 available),047097293bb4d1c0,0,Product Description,https://books.toscrape.com/catalogue/wonder-woman-earth-one-volume-one-wonder-woman-earth-one-1_783/index.html,2026-03-31T13:27:53.900821+00:00
Wild Swans,Young Adult,,14.36,£14.36,2,In stock (14 available),3fb15ace50d6142b,0,Product Description,https://books.toscrape.com/catalogue/wild-swans_782/index.html,2026-03-31T13:27:55.929701+00:00
Why the Right Went Wrong: Conservatism--From Goldwater to the Tea Party and Beyond,Politics,,52.65,£52.65,4,In stock (14 available),2b5054a4192e9b06,0,Product Description,https://books.toscrape.com/catalogue/why-the-right-went-wrong-conservatism-from-goldwater-to-the-tea-party-and-beyond_781/index.html,2026-03-31T13:27:57.710342+00:00
Whole Lotta Creativity Going On: 60 Fun and Unusual Exercises to Awaken and Strengthen Your Creativity,Nonfiction,,38.2,£38.20,4,In stock (14 available),44a10f1ac8ce822e,0,Product Description,https://books.toscrape.com/catalogue/whole-lotta-creativity-going-on-60-fun-and-unusual-exercises-to-awaken-and-strengthen-your-creativity_780/index.html,2026-03-31T13:28:03.177483+00:00
What's It Like in Space?: Stories from Astronauts Who've Been There,Nonfiction,,19.6,£19.60,2,In stock (14 available),6fd646a334e6e133,0,Product Description,https://books.toscrape.com/catalogue/whats-it-like-in-space-stories-from-astronauts-whove-been-there_779/index.html,2026-03-31T13:28:05.094872+00:00
"We Are Robin, Vol. 1: The Vigilante Business (We Are Robin #1)",Sequential Art,,53.9,£53.90,1,In stock (14 available),92275cedf6d8ee15,0,Product Description,https://books.toscrape.com/catalogue/we-are-robin-vol-1-the-vigilante-business-we-are-robin-1_778/index.html,2026-03-31T13:28:06.816001+00:00
Walt Disney's Alice in Wonderland,Childrens,,12.96,£12.96,5,In stock (14 available),6a31307a81e8f3a8,0,Product Description,https://books.toscrape.com/catalogue/walt-disneys-alice-in-wonderland_777/index.html,2026-03-31T13:28:08.537958+00:00
V for Vendetta (V for Vendetta Complete),Default,,37.1,£37.10,4,In stock (14 available),4a1debca3135ff37,0,Product Description,https://books.toscrape.com/catalogue/v-for-vendetta-v-for-vendetta-complete_776/index.html,2026-03-31T13:28:10.223344+00:00
Until Friday Night (The Field Party #1),Young Adult,,46.31,£46.31,2,In stock (14 available),aba2db9afb1469c7,0,Product Description,https://books.toscrape.com/catalogue/until-friday-night-the-field-party-1_775/index.html,2026-03-31T13:28:12.002514+00:00
"Unbroken: A World War II Story of Survival, Resilience, and Redemption",Default,,45.95,£45.95,2,In stock (14 available),76c84daa539426e2,0,Product Description,https://books.toscrape.com/catalogue/unbroken-a-world-war-ii-story-of-survival-resilience-and-redemption_774/index.html,2026-03-31T13:28:13.998437+00:00
Twenty Yawns,Childrens,,22.08,£22.08,2,In stock (14 available),1d6443ffba9dfd80,0,Product Description,https://books.toscrape.com/catalogue/twenty-yawns_773/index.html,2026-03-31T13:28:15.739475+00:00
Through the Woods,Sequential Art,,25.38,£25.38,2,In stock (14 available),6e44bcbeac7f4360,0,Product Description,https://books.toscrape.com/catalogue/through-the-woods_772/index.html,2026-03-31T13:28:17.464614+00:00
This Is Where It Ends,Young Adult,,27.12,£27.12,2,In stock (14 available),f0f38174a7e689a3,0,Product Description,https://books.toscrape.com/catalogue/this-is-where-it-ends_771/index.html,2026-03-31T13:28:19.068498+00:00
The Year of Magical Thinking,Nonfiction,,43.04,£43.04,2,In stock (14 available),34c0d7c4ee5650af,0,Product Description,https://books.toscrape.com/catalogue/the-year-of-magical-thinking_770/index.html,2026-03-31T13:28:20.752167+00:00
The Wright Brothers,Default,,56.8,£56.80,4,In stock (14 available),08b2f71d93836313,0,Product Description,https://books.toscrape.com/catalogue/the-wright-brothers_769/index.html,2026-03-31T13:28:22.400010+00:00
The White Queen (The Cousins' War #1),Add a comment,,25.91,£25.91,5,In stock (14 available),6875c5657661b2fb,0,Product Description,https://books.toscrape.com/catalogue/the-white-queen-the-cousins-war-1_768/index.html,2026-03-31T13:28:24.014390+00:00
The Wedding Pact (The O'Malleys #2),Romance,,32.61,£32.61,3,In stock (14 available),c5cb9f885d8b3621,0,Product Description,https://books.toscrape.com/catalogue/the-wedding-pact-the-omalleys-2_767/index.html,2026-03-31T13:28:25.782060+00:00
The Time Keeper,Fiction,,27.88,£27.88,5,In stock (14 available),e9906e2f0d189745,0,Product Description,https://books.toscrape.com/catalogue/the-time-keeper_766/index.html,2026-03-31T13:28:27.355759+00:00
The Testament of Mary,Fiction,,52.67,£52.67,4,In stock (14 available),081305e6df719dff,0,Product Description,https://books.toscrape.com/catalogue/the-testament-of-mary_765/index.html,2026-03-31T13:28:29.027872+00:00
The Star-Touched Queen,Fantasy,,46.02,£46.02,5,In stock (14 available),1528279aec1f3dce,0,Product Description,https://books.toscrape.com/catalogue/the-star-touched-queen_764/index.html,2026-03-31T13:28:30.638179+00:00
The Songs of the Gods,Default,,44.48,£44.48,5,In stock (14 available),00c4543ec6bd25b4,0,Product Description,https://books.toscrape.com/catalogue/the-songs-of-the-gods_763/index.html,2026-03-31T13:28:32.282370+00:00
The Song of Achilles,Add a comment,,37.4,£37.40,5,In stock (14 available),e88fb1c9397cfb27,0,Product Description,https://books.toscrape.com/catalogue/the-song-of-achilles_762/index.html,2026-03-31T13:28:33.917883+00:00
The Rosie Project (Don Tillman #1),Default,,54.04,£54.04,1,In stock (14 available),012094e90a4b908d,0,Product Description,https://books.toscrape.com/catalogue/the-rosie-project-don-tillman-1_761/index.html,2026-03-31T13:28:35.939863+00:00
The Power of Habit: Why We Do What We Do in Life and Business,Default,,16.88,£16.88,3,In stock (14 available),6bdd909329435e80,0,Product Description,https://books.toscrape.com/catalogue/the-power-of-habit-why-we-do-what-we-do-in-life-and-business_760/index.html,2026-03-31T13:28:39.459529+00:00
The Marriage of Opposites,Historical Fiction,,28.08,£28.08,4,In stock (14 available),52cf2a5933ec5d8f,0,Product Description,https://books.toscrape.com/catalogue/the-marriage-of-opposites_759/index.html,2026-03-31T13:28:41.087642+00:00
The Lucifer Effect: Understanding How Good People Turn Evil,Psychology,,10.4,£10.40,1,In stock (14 available),4e812d32d64e2431,0,Product Description,https://books.toscrape.com/catalogue/the-lucifer-effect-understanding-how-good-people-turn-evil_758/index.html,2026-03-31T13:28:42.718463+00:00
The Long Haul (Diary of a Wimpy Kid #9),Humor,,44.07,£44.07,1,In stock (14 available),f21effc079a2b38a,0,Product Description,https://books.toscrape.com/catalogue/the-long-haul-diary-of-a-wimpy-kid-9_757/index.html,2026-03-31T13:28:44.309553+00:00
The Loney,Horror,,23.4,£23.40,1,In stock (14 available),2d88a31f325dfd3b,0,Product Description,https://books.toscrape.com/catalogue/the-loney_756/index.html,2026-03-31T13:28:45.873104+00:00
The Literature Book (Big Ideas Simply Explained),Nonfiction,,17.43,£17.43,3,In stock (14 available),4881cc53f6c8892f,0,Product Description,https://books.toscrape.com/catalogue/the-literature-book-big-ideas-simply-explained_755/index.html,2026-03-31T13:28:47.465431+00:00
The Last Mile (Amos Decker #2),Mystery,,54.21,£54.21,2,In stock (14 available),3bc89353f7e3a3cc,0,Product Description,https://books.toscrape.com/catalogue/the-last-mile-amos-decker-2_754/index.html,2026-03-31T13:28:49.098213+00:00
The Immortal Life of Henrietta Lacks,Add a comment,,40.67,£40.67,2,In stock (14 available),f72f61ad6a5f12ed,0,Product Description,https://books.toscrape.com/catalogue/the-immortal-life-of-henrietta-lacks_753/index.html,2026-03-31T13:28:50.636533+00:00
The Hidden Oracle (The Trials of Apollo #1),Fantasy,,52.26,£52.26,2,In stock (14 available),992974ba6a0536ea,0,Product Description,https://books.toscrape.com/catalogue/the-hidden-oracle-the-trials-of-apollo-1_752/index.html,2026-03-31T13:28:52.239155+00:00
The Help Yourself Cookbook for Kids: 60 Easy Plant-Based Recipes Kids Can Make to Stay Healthy and Save the Earth,Food and Drink,,28.77,£28.77,3,In stock (14 available),ddc8340dabc8641b,0,Product Description,https://books.toscrape.com/catalogue/the-help-yourself-cookbook-for-kids-60-easy-plant-based-recipes-kids-can-make-to-stay-healthy-and-save-the-earth_751/index.html,2026-03-31T13:28:53.824983+00:00
The Guilty (Will Robie #4),Thriller,,13.82,£13.82,2,In stock (14 available),847935fc68707426,0,Product Description,https://books.toscrape.com/catalogue/the-guilty-will-robie-4_750/index.html,2026-03-31T13:28:55.415341+00:00
The First Hostage (J.B. Collins #2),Fiction,,25.85,£25.85,3,In stock (14 available),a86972014275e072,0,Product Description,https://books.toscrape.com/catalogue/the-first-hostage-jb-collins-2_749/index.html,2026-03-31T13:28:57.056374+00:00
The Dovekeepers,Add a comment,,48.78,£48.78,1,In stock (14 available),3d76bc83c6b644c9,0,Product Description,https://books.toscrape.com/catalogue/the-dovekeepers_748/index.html,2026-03-31T13:28:58.715241+00:00
The Darkest Lie,Young Adult,,35.35,£35.35,5,In stock (14 available),6edacfd1f8ebb9eb,0,Product Description,https://books.toscrape.com/catalogue/the-darkest-lie_747/index.html,2026-03-31T13:29:00.323471+00:00
The Bane Chronicles (The Bane Chronicles #1-11),Fantasy,,44.73,£44.73,4,In stock (14 available),dc6f688b82e42a5b,0,Product Description,https://books.toscrape.com/catalogue/the-bane-chronicles-the-bane-chronicles-1-11_746/index.html,2026-03-31T13:29:01.903819+00:00
The Bad-Ass Librarians of Timbuktu: And Their Race to Save the World’s Most Precious Manuscripts,Nonfiction,,15.77,£15.77,1,In stock (14 available),923831a05c9f91f7,0,Product Description,https://books.toscrape.com/catalogue/the-bad-ass-librarians-of-timbuktu-and-their-race-to-save-the-worlds-most-precious-manuscripts_745/index.html,2026-03-31T13:29:03.523068+00:00
The 14th Colony (Cotton Malone #11),Thriller,,39.24,£39.24,1,In stock (14 available),1b8187fa4bf6ab05,0,Product Description,https://books.toscrape.com/catalogue/the-14th-colony-cotton-malone-11_744/index.html,2026-03-31T13:29:05.088972+00:00
That Darkness (Gardiner and Renner #1),Mystery,,13.92,£13.92,1,In stock (14 available),0c7b9cf2b7662b65,0,Product Description,https://books.toscrape.com/catalogue/that-darkness-gardiner-and-renner-1_743/index.html,2026-03-31T13:29:06.720572+00:00
Tastes Like Fear (DI Marnie Rome #3),Mystery,,10.69,£10.69,1,In stock (14 available),2d1e337aaf341858,0,Product Description,https://books.toscrape.com/catalogue/tastes-like-fear-di-marnie-rome-3_742/index.html,2026-03-31T13:29:08.260838+00:00
Take Me with You,Fiction,,45.21,£45.21,3,In stock (14 available),2c04320e110a14a3,0,Product Description,https://books.toscrape.com/catalogue/take-me-with-you_741/index.html,2026-03-31T13:29:09.906232+00:00
Swell: A Year of Waves,Nonfiction,,45.58,£45.58,1,In stock (14 available),4c8b7540409da4ac,0,Product Description,https://books.toscrape.com/catalogue/swell-a-year-of-waves_740/index.html,2026-03-31T13:29:13.246404+00:00
Superman Vol. 1: Before Truth (Superman by Gene Luen Yang #1),Sequential Art,,11.89,£11.89,5,In stock (14 available),ac8e3949d284e9a9,0,Product Description,https://books.toscrape.com/catalogue/superman-vol-1-before-truth-superman-by-gene-luen-yang-1_739/index.html,2026-03-31T13:29:14.831706+00:00
Still Life with Bread Crumbs,Fiction,,26.41,£26.41,3,In stock (14 available),fe44cc816576c652,0,Product Description,https://books.toscrape.com/catalogue/still-life-with-bread-crumbs_738/index.html,2026-03-31T13:29:16.368772+00:00
Steve Jobs,Default,,39.5,£39.50,5,In stock (14 available),95019eac1c0a052f,0,Product Description,https://books.toscrape.com/catalogue/steve-jobs_737/index.html,2026-03-31T13:29:17.999736+00:00
Sorting the Beef from the Bull: The Science of Food Fraud Forensics,Science,,44.74,£44.74,4,In stock (14 available),3edcccc4f341fb1a,0,Product Description,https://books.toscrape.com/catalogue/sorting-the-beef-from-the-bull-the-science-of-food-fraud-forensics_736/index.html,2026-03-31T13:29:19.668589+00:00
Someone Like You (The Harrisons #2),Contemporary,,52.79,£52.79,5,In stock (14 available),a278db6b2b09cf9f,0,Product Description,https://books.toscrape.com/catalogue/someone-like-you-the-harrisons-2_735/index.html,2026-03-31T13:29:21.375155+00:00
"So Cute It Hurts!!, Vol. 6 (So Cute It Hurts!! #6)",Sequential Art,,35.43,£35.43,4,In stock (14 available),394f6d30cafc3edb,0,Product Description,https://books.toscrape.com/catalogue/so-cute-it-hurts-vol-6-so-cute-it-hurts-6_734/index.html,2026-03-31T13:29:23.020881+00:00
Shtum,Fiction,,55.84,£55.84,4,In stock (14 available),830fb3967c74866d,0,Product Description,https://books.toscrape.com/catalogue/shtum_733/index.html,2026-03-31T13:29:24.692242+00:00
See America: A Celebration of Our National Parks & Treasured Sites,Travel,,48.87,£48.87,3,In stock (14 available),f9705c362f070608,0,Product Description,https://books.toscrape.com/catalogue/see-america-a-celebration-of-our-national-parks-treasured-sites_732/index.html,2026-03-31T13:29:26.339343+00:00
salt.,Poetry,,46.78,£46.78,4,In stock (14 available),86cbddb61ea78bb7,0,Product Description,https://books.toscrape.com/catalogue/salt_731/index.html,2026-03-31T13:29:27.931920+00:00
Robin War,Sequential Art,,47.82,£47.82,3,In stock (14 available),85b2176b3b194030,0,Product Description,https://books.toscrape.com/catalogue/robin-war_730/index.html,2026-03-31T13:29:29.509911+00:00
"Red Hood/Arsenal, Vol. 1: Open for Business (Red Hood/Arsenal #1)",Sequential Art,,25.48,£25.48,2,In stock (14 available),31e2e2d9cca3778f,0,Product Description,https://books.toscrape.com/catalogue/red-hoodarsenal-vol-1-open-for-business-red-hoodarsenal-1_729/index.html,2026-03-31T13:29:31.151859+00:00
Rain Fish,Childrens,,23.57,£23.57,3,In stock (14 available),a6454e329f872b78,0,Product Description,https://books.toscrape.com/catalogue/rain-fish_728/index.html,2026-03-31T13:29:32.793815+00:00
"Quarter Life Poetry: Poems for the Young, Broke and Hangry",Poetry,,50.89,£50.89,5,In stock (14 available),aa35446aab16017f,0,Product Description,https://books.toscrape.com/catalogue/quarter-life-poetry-poems-for-the-young-broke-and-hangry_727/index.html,2026-03-31T13:29:34.470588+00:00
Pet Sematary,Horror,,10.56,£10.56,3,In stock (14 available),af58a74e4b2a23a0,0,Product Description,https://books.toscrape.com/catalogue/pet-sematary_726/index.html,2026-03-31T13:29:36.087838+00:00
"Overload: How to Unplug, Unwind, and Unleash Yourself from the Pressure of Stress",Self Help,,52.15,£52.15,3,In stock (14 available),8ecf0356a3878811,0,Product Description,https://books.toscrape.com/catalogue/overload-how-to-unplug-unwind-and-unleash-yourself-from-the-pressure-of-stress_725/index.html,2026-03-31T13:29:37.739390+00:00
Once Was a Time,Childrens,,18.28,£18.28,2,In stock (14 available),e34efcc824685332,0,Product Description,https://books.toscrape.com/catalogue/once-was-a-time_724/index.html,2026-03-31T13:29:39.382040+00:00
Old School (Diary of a Wimpy Kid #10),Humor,,11.83,£11.83,5,In stock (14 available),02b74068fa98d8a4,0,Product Description,https://books.toscrape.com/catalogue/old-school-diary-of-a-wimpy-kid-10_723/index.html,2026-03-31T13:29:41.035762+00:00
No Dream Is Too High: Life Lessons From a Man Who Walked on the Moon,Nonfiction,,21.95,£21.95,2,In stock (14 available),132ec5e8c984adef,0,Product Description,https://books.toscrape.com/catalogue/no-dream-is-too-high-life-lessons-from-a-man-who-walked-on-the-moon_722/index.html,2026-03-31T13:29:42.826799+00:00
"Naruto (3-in-1 Edition), Vol. 14: Includes Vols. 40, 41 & 42 (Naruto: Omnibus #14)",Sequential Art,,38.39,£38.39,2,In stock (14 available),71e36f33981ddb74,0,Product Description,https://books.toscrape.com/catalogue/naruto-3-in-1-edition-vol-14-includes-vols-40-41-42-naruto-omnibus-14_721/index.html,2026-03-31T13:29:44.576584+00:00
My Name Is Lucy Barton,Fiction,,41.56,£41.56,1,In stock (14 available),727bf2b86b19ad88,0,Product Description,https://books.toscrape.com/catalogue/my-name-is-lucy-barton_720/index.html,2026-03-31T13:29:48.114364+00:00
My Mrs. Brown,Fiction,,24.48,£24.48,3,In stock (14 available),cc82685d9f49bc2c,0,Product Description,https://books.toscrape.com/catalogue/my-mrs-brown_719/index.html,2026-03-31T13:29:49.867785+00:00
My Kind of Crazy,Young Adult,,40.36,£40.36,1,In stock (14 available),137b0b2775701e11,0,Product Description,https://books.toscrape.com/catalogue/my-kind-of-crazy_718/index.html,2026-03-31T13:29:51.587499+00:00
Mr. Mercedes (Bill Hodges Trilogy #1),Fiction,,28.9,£28.90,1,In stock (14 available),caa2e5b3fb1b2d4c,0,Product Description,https://books.toscrape.com/catalogue/mr-mercedes-bill-hodges-trilogy-1_717/index.html,2026-03-31T13:29:53.484040+00:00
More Than Music (Chasing the Dream #1),Add a comment,,37.61,£37.61,2,In stock (14 available),47d47155e89c8be7,0,Product Description,https://books.toscrape.com/catalogue/more-than-music-chasing-the-dream-1_716/index.html,2026-03-31T13:29:55.226677+00:00
Made to Stick: Why Some Ideas Survive and Others Die,Business,,38.85,£38.85,5,In stock (14 available),b96fc7a0ea7d4b45,0,Product Description,https://books.toscrape.com/catalogue/made-to-stick-why-some-ideas-survive-and-others-die_715/index.html,2026-03-31T13:29:56.878750+00:00
Luis Paints the World,Childrens,,53.95,£53.95,3,In stock (14 available),5b43cae640f2338a,0,Product Description,https://books.toscrape.com/catalogue/luis-paints-the-world_714/index.html,2026-03-31T13:29:58.467378+00:00
Luckiest Girl Alive,Default,,49.83,£49.83,3,In stock (14 available),d512871626a5e588,0,Product Description,https://books.toscrape.com/catalogue/luckiest-girl-alive_713/index.html,2026-03-31T13:30:00.184458+00:00
Lowriders to the Center of the Earth (Lowriders in Space #2),Sequential Art,,51.51,£51.51,2,In stock (14 available),a10c7515834240f3,0,Product Description,https://books.toscrape.com/catalogue/lowriders-to-the-center-of-the-earth-lowriders-in-space-2_712/index.html,2026-03-31T13:30:01.917179+00:00
Love Is a Mix Tape (Music #1),Music,,18.03,£18.03,1,In stock (14 available),adb5f51c2e2ab13f,0,Product Description,https://books.toscrape.com/catalogue/love-is-a-mix-tape-music-1_711/index.html,2026-03-31T13:30:03.699360+00:00
Looking for Lovely: Collecting the Moments that Matter,Nonfiction,,29.14,£29.14,5,In stock (14 available),24af96df0bafb925,0,Product Description,https://books.toscrape.com/catalogue/looking-for-lovely-collecting-the-moments-that-matter_710/index.html,2026-03-31T13:30:05.538963+00:00
"Living Leadership by Insight: A Good Leader Achieves, a Great Leader Builds Monuments",Default,,46.91,£46.91,4,In stock (14 available),17fb5a88180f9904,0,Product Description,https://books.toscrape.com/catalogue/living-leadership-by-insight-a-good-leader-achieves-a-great-leader-builds-monuments_709/index.html,2026-03-31T13:30:07.202191+00:00
Let It Out: A Journey Through Journaling,Nonfiction,,26.79,£26.79,5,In stock (14 available),1174156c4a0eccaa,0,Product Description,https://books.toscrape.com/catalogue/let-it-out-a-journey-through-journaling_708/index.html,2026-03-31T13:30:08.892795+00:00
Lady Midnight (The Dark Artifices #1),Default,,16.28,£16.28,5,In stock (14 available),708345c9897fd7c5,0,Product Description,https://books.toscrape.com/catalogue/lady-midnight-the-dark-artifices-1_707/index.html,2026-03-31T13:30:10.529923+00:00
"It's All Easy: Healthy, Delicious Weeknight Meals in under 30 Minutes",Food and Drink,,19.55,£19.55,1,In stock (14 available),245e6bf08b8d2955,0,Product Description,https://books.toscrape.com/catalogue/its-all-easy-healthy-delicious-weeknight-meals-in-under-30-minutes_706/index.html,2026-03-31T13:30:12.201996+00:00
Island of Dragons (Unwanteds #7),Fantasy,,29.65,£29.65,1,In stock (14 available),2b52334fab158861,0,Product Description,https://books.toscrape.com/catalogue/island-of-dragons-unwanteds-7_705/index.html,2026-03-31T13:30:14.005946+00:00
I Know What I'm Doing -- and Other Lies I Tell Myself: Dispatches from a Life Under Construction,Humor,,25.98,£25.98,4,In stock (14 available),b8a8ff84233f0570,0,Product Description,https://books.toscrape.com/catalogue/i-know-what-im-doing-and-other-lies-i-tell-myself-dispatches-from-a-life-under-construction_704/index.html,2026-03-31T13:30:15.711464+00:00
I Am Pilgrim (Pilgrim #1),Fiction,,10.6,£10.60,4,In stock (14 available),aeff7b87a8e83ebb,0,Product Description,https://books.toscrape.com/catalogue/i-am-pilgrim-pilgrim-1_703/index.html,2026-03-31T13:30:17.423334+00:00
"Hyperbole and a Half: Unfortunate Situations, Flawed Coping Mechanisms, Mayhem, and Other Things That Happened",Humor,,14.75,£14.75,5,In stock (14 available),fbb21a2f71f4d981,0,Product Description,https://books.toscrape.com/catalogue/hyperbole-and-a-half-unfortunate-situations-flawed-coping-mechanisms-mayhem-and-other-things-that-happened_702/index.html,2026-03-31T13:30:19.017738+00:00
"Hush, Hush (Hush, Hush #1)",Default,,47.02,£47.02,3,In stock (14 available),6b6cd77fbc91b7a6,0,Product Description,https://books.toscrape.com/catalogue/hush-hush-hush-hush-1_701/index.html,2026-03-31T13:30:20.614666+00:00
Hold Your Breath (Search and Rescue #1),Romance,,28.82,£28.82,1,In stock (14 available),0b165bd4b9f42fd5,0,Product Description,https://books.toscrape.com/catalogue/hold-your-breath-search-and-rescue-1_700/index.html,2026-03-31T13:30:23.883092+00:00
Hamilton: The Revolution,Nonfiction,,58.79,£58.79,3,In stock (14 available),afa829857f82f99e,0,Product Description,https://books.toscrape.com/catalogue/hamilton-the-revolution_699/index.html,2026-03-31T13:30:25.536094+00:00
Greek Mythic History,Default,,10.23,£10.23,5,In stock (14 available),f201f263d8c23f97,0,Product Description,https://books.toscrape.com/catalogue/greek-mythic-history_698/index.html,2026-03-31T13:30:27.210837+00:00
God: The Most Unpleasant Character in All Fiction,Religion,,30.03,£30.03,5,In stock (14 available),eec424a84c9e4c68,0,Product Description,https://books.toscrape.com/catalogue/god-the-most-unpleasant-character-in-all-fiction_697/index.html,2026-03-31T13:30:28.864712+00:00
Glory over Everything: Beyond The Kitchen House,Historical Fiction,,45.84,£45.84,3,In stock (14 available),de4b403cb629a29f,0,Product Description,https://books.toscrape.com/catalogue/glory-over-everything-beyond-the-kitchen-house_696/index.html,2026-03-31T13:30:30.572972+00:00
Feathers: Displays of Brilliant Plumage,Art,,49.05,£49.05,3,In stock (14 available),9194ae88379dbf1a,0,Product Description,https://books.toscrape.com/catalogue/feathers-displays-of-brilliant-plumage_695/index.html,2026-03-31T13:30:32.202480+00:00
"Far & Away: Places on the Brink of Change: Seven Continents, Twenty-Five Years",Nonfiction,,15.06,£15.06,4,In stock (14 available),ac4dde0d1be05de0,0,Product Description,https://books.toscrape.com/catalogue/far-away-places-on-the-brink-of-change-seven-continents-twenty-five-years_694/index.html,2026-03-31T13:30:33.877007+00:00
Every Last Word,Default,,46.47,£46.47,3,In stock (14 available),a2bd4ca82d908442,0,Product Description,https://books.toscrape.com/catalogue/every-last-word_693/index.html,2026-03-31T13:30:35.583895+00:00
Eligible (The Austen Project #4),Fiction,,27.09,£27.09,3,In stock (14 available),9eaf58b03a2779cc,0,Product Description,https://books.toscrape.com/catalogue/eligible-the-austen-project-4_692/index.html,2026-03-31T13:30:37.181704+00:00
El Deafo,Sequential Art,,57.62,£57.62,5,In stock (14 available),27c5968fe43cc06e,0,Product Description,https://books.toscrape.com/catalogue/el-deafo_691/index.html,2026-03-31T13:30:38.939541+00:00
Eight Hundred Grapes,Fiction,,14.39,£14.39,4,In stock (14 available),1d6dd0c87d90fe92,0,Product Description,https://books.toscrape.com/catalogue/eight-hundred-grapes_690/index.html,2026-03-31T13:30:40.605507+00:00
"Eaternity: More than 150 Deliciously Easy Vegan Recipes for a Long, Healthy, Satisfied, Joyful Life",Nonfiction,,51.75,£51.75,5,In stock (14 available),a01f6d368ef64dc5,0,Product Description,https://books.toscrape.com/catalogue/eaternity-more-than-150-deliciously-easy-vegan-recipes-for-a-long-healthy-satisfied-joyful-life_689/index.html,2026-03-31T13:30:42.281008+00:00
"Eat Fat, Get Thin",Health,,54.07,£54.07,2,In stock (14 available),047dfa57ba0bf638,0,Product Description,https://books.toscrape.com/catalogue/eat-fat-get-thin_688/index.html,2026-03-31T13:30:43.954320+00:00
Don't Get Caught,Young Adult,,55.35,£55.35,1,In stock (14 available),ad2887ce04583910,0,Product Description,https://books.toscrape.com/catalogue/dont-get-caught_687/index.html,2026-03-31T13:30:45.676263+00:00
Doctor Sleep (The Shining #2),Horror,,40.12,£40.12,2,In stock (14 available),bf5de316a5e9a4ab,0,Product Description,https://books.toscrape.com/catalogue/doctor-sleep-the-shining-2_686/index.html,2026-03-31T13:30:47.302127+00:00
Demigods & Magicians: Percy and Annabeth Meet the Kanes (Percy Jackson & Kane Chronicles Crossover #1-3),Fantasy,,37.51,£37.51,5,In stock (14 available),3c6fe637a0180b01,0,Product Description,https://books.toscrape.com/catalogue/demigods-magicians-percy-and-annabeth-meet-the-kanes-percy-jackson-kane-chronicles-crossover-1-3_685/index.html,2026-03-31T13:30:48.975776+00:00
Dear Mr. Knightley,Fiction,,11.21,£11.21,5,In stock (14 available),94a958ea126cdcd5,0,Product Description,https://books.toscrape.com/catalogue/dear-mr-knightley_684/index.html,2026-03-31T13:30:50.570889+00:00
Daily Fantasy Sports,Default,,36.58,£36.58,1,In stock (14 available),0e94a089328be4bc,0,Product Description,https://books.toscrape.com/catalogue/daily-fantasy-sports_683/index.html,2026-03-31T13:30:52.329465+00:00
Crazy Love: Overwhelmed by a Relentless God,Christian,,47.72,£47.72,2,In stock (14 available),4b9d9cfe0f435788,0,Product Description,https://books.toscrape.com/catalogue/crazy-love-overwhelmed-by-a-relentless-god_682/index.html,2026-03-31T13:30:53.941691+00:00
Cometh the Hour (The Clifton Chronicles #6),Fiction,,25.01,£25.01,3,In stock (14 available),28cf0d1c51b491e5,0,Product Description,https://books.toscrape.com/catalogue/cometh-the-hour-the-clifton-chronicles-6_681/index.html,2026-03-31T13:30:55.579633+00:00
Code Name Verity (Code Name Verity #1),Add a comment,,22.13,£22.13,4,In stock (14 available),33a3e0e3ffde0dcd,0,Product Description,https://books.toscrape.com/catalogue/code-name-verity-code-name-verity-1_680/index.html,2026-03-31T13:30:59.199495+00:00
Clockwork Angel (The Infernal Devices #1),Default,,44.14,£44.14,1,In stock (14 available),42b0c50fc44140ec,0,Product Description,https://books.toscrape.com/catalogue/clockwork-angel-the-infernal-devices-1_679/index.html,2026-03-31T13:31:00.889781+00:00
City of Glass (The Mortal Instruments #3),Fantasy,,56.02,£56.02,4,In stock (14 available),966ebb738e0f9d9b,0,Product Description,https://books.toscrape.com/catalogue/city-of-glass-the-mortal-instruments-3_678/index.html,2026-03-31T13:31:02.900611+00:00
City of Fallen Angels (The Mortal Instruments #4),Default,,11.23,£11.23,4,In stock (14 available),1e264c677d4ee4ae,0,Product Description,https://books.toscrape.com/catalogue/city-of-fallen-angels-the-mortal-instruments-4_677/index.html,2026-03-31T13:31:04.563556+00:00
City of Bones (The Mortal Instruments #1),Default,,43.28,£43.28,1,In stock (14 available),5b987e54ee72525c,0,Product Description,https://books.toscrape.com/catalogue/city-of-bones-the-mortal-instruments-1_676/index.html,2026-03-31T13:31:06.303047+00:00
City of Ashes (The Mortal Instruments #2),Default,,47.27,£47.27,1,In stock (14 available),8a6ec2761f91dad2,0,Product Description,https://books.toscrape.com/catalogue/city-of-ashes-the-mortal-instruments-2_675/index.html,2026-03-31T13:31:08.003836+00:00
Cell,Add a comment,,20.29,£20.29,4,In stock (14 available),bfbb54bc8cdeed2b,0,Product Description,https://books.toscrape.com/catalogue/cell_674/index.html,2026-03-31T13:31:09.682829+00:00
Catching Jordan (Hundred Oaks),Young Adult,,50.83,£50.83,3,In stock (14 available),e2e7b683b4c15b7d,0,Product Description,https://books.toscrape.com/catalogue/catching-jordan-hundred-oaks_673/index.html,2026-03-31T13:31:11.450744+00:00
"Carry On, Warrior: Thoughts on Life Unarmed",Default,,31.85,£31.85,3,In stock (14 available),1b0fc9f777cad045,0,Product Description,https://books.toscrape.com/catalogue/carry-on-warrior-thoughts-on-life-unarmed_672/index.html,2026-03-31T13:31:13.016396+00:00
Carrie,Default,,46.23,£46.23,2,In stock (14 available),5f22418922fa728b,0,Product Description,https://books.toscrape.com/catalogue/carrie_671/index.html,2026-03-31T13:31:14.687255+00:00
Buying In: The Secret Dialogue Between What We Buy and Who We Are,Nonfiction,,37.8,£37.80,4,In stock (14 available),16ef91b9d827859c,0,Product Description,https://books.toscrape.com/catalogue/buying-in-the-secret-dialogue-between-what-we-buy-and-who-we-are_670/index.html,2026-03-31T13:31:16.321503+00:00
Brain on Fire: My Month of Madness,Nonfiction,,49.32,£49.32,5,In stock (14 available),a80f66b254fe9eb3,0,Product Description,https://books.toscrape.com/catalogue/brain-on-fire-my-month-of-madness_669/index.html,2026-03-31T13:31:18.072421+00:00
Batman: Europa,Sequential Art,,32.01,£32.01,2,In stock (14 available),bf68dcb5fad3cc8c,0,Product Description,https://books.toscrape.com/catalogue/batman-europa_668/index.html,2026-03-31T13:31:19.771810+00:00
Barefoot Contessa Back to Basics,Food and Drink,,28.01,£28.01,1,In stock (14 available),999912e63a3262ae,0,Product Description,https://books.toscrape.com/catalogue/barefoot-contessa-back-to-basics_667/index.html,2026-03-31T13:31:21.464452+00:00
Barefoot Contessa at Home: Everyday Recipes You'll Make Over and Over Again,Food and Drink,,50.62,£50.62,5,In stock (14 available),0e0da9192a025efc,0,Product Description,https://books.toscrape.com/catalogue/barefoot-contessa-at-home-everyday-recipes-youll-make-over-and-over-again_666/index.html,2026-03-31T13:31:23.195479+00:00
Balloon Animals,Fiction,,17.03,£17.03,3,In stock (14 available),9b65f676984c9f0c,0,Product Description,https://books.toscrape.com/catalogue/balloon-animals_665/index.html,2026-03-31T13:31:24.818799+00:00
Art Ops Vol. 1,Sequential Art,,48.8,£48.80,3,In stock (14 available),ffdc825785c0ede8,0,Product Description,https://books.toscrape.com/catalogue/art-ops-vol-1_664/index.html,2026-03-31T13:31:26.582518+00:00
Aristotle and Dante Discover the Secrets of the Universe (Aristotle and Dante Discover the Secrets of the Universe #1),Young Adult,,58.14,£58.14,4,In stock (14 available),41164b8ac02a2c42,0,Product Description,https://books.toscrape.com/catalogue/aristotle-and-dante-discover-the-secrets-of-the-universe-aristotle-and-dante-discover-the-secrets-of-the-universe-1_663/index.html,2026-03-31T13:31:28.328149+00:00
Angels Walking (Angels Walking #1),Add a comment,,34.2,£34.20,2,In stock (14 available),1fbb5f786e53a0ce,0,Product Description,https://books.toscrape.com/catalogue/angels-walking-angels-walking-1_662/index.html,2026-03-31T13:31:29.996483+00:00
Angels & Demons (Robert Langdon #1),Default,,51.48,£51.48,3,In stock (14 available),ad41c24ccac0c7ce,0,Product Description,https://books.toscrape.com/catalogue/angels-demons-robert-langdon-1_661/index.html,2026-03-31T13:31:31.650553+00:00
All the Light We Cannot See,Historical,,29.87,£29.87,5,In stock (14 available),39861fc1c0845d15,0,Product Description,https://books.toscrape.com/catalogue/all-the-light-we-cannot-see_660/index.html,2026-03-31T13:31:35.267566+00:00
"Adulthood Is a Myth: A ""Sarah's Scribbles"" Collection",Sequential Art,,10.9,£10.90,2,In stock (14 available),5319169a72714c62,0,Product Description,https://books.toscrape.com/catalogue/adulthood-is-a-myth-a-sarahs-scribbles-collection_659/index.html,2026-03-31T13:31:36.992635+00:00
Abstract City,Nonfiction,,56.37,£56.37,5,In stock (14 available),cf1aa2fc02a7d1e0,0,Product Description,https://books.toscrape.com/catalogue/abstract-city_658/index.html,2026-03-31T13:31:38.751513+00:00
A Time of Torment (Charlie Parker #14),Mystery,,48.35,£48.35,5,In stock (14 available),4416c474713ec1f5,0,Product Description,https://books.toscrape.com/catalogue/a-time-of-torment-charlie-parker-14_657/index.html,2026-03-31T13:31:40.390944+00:00
A Study in Scarlet (Sherlock Holmes #1),Mystery,,16.73,£16.73,2,In stock (14 available),63ee5bc46066a8a8,0,Product Description,https://books.toscrape.com/catalogue/a-study-in-scarlet-sherlock-holmes-1_656/index.html,2026-03-31T13:31:41.975107+00:00
"A Series of Catastrophes and Miracles: A True Story of Love, Science, and Cancer",Add a comment,,56.48,£56.48,2,In stock (14 available),c1379d3744f1dd2c,0,Product Description,https://books.toscrape.com/catalogue/a-series-of-catastrophes-and-miracles-a-true-story-of-love-science-and-cancer_655/index.html,2026-03-31T13:31:43.662014+00:00
A People's History of the United States,Add a comment,,40.79,£40.79,2,In stock (14 available),1ad06aed9349af46,0,Product Description,https://books.toscrape.com/catalogue/a-peoples-history-of-the-united-states_654/index.html,2026-03-31T13:31:45.439388+00:00
A Man Called Ove,Fiction,,39.72,£39.72,1,In stock (14 available),8682c03de6a844ff,0,Product Description,https://books.toscrape.com/catalogue/a-man-called-ove_653/index.html,2026-03-31T13:31:47.091122+00:00
A Distant Mirror: The Calamitous 14th Century,History,,14.58,£14.58,3,In stock (14 available),d5e0526e1ab682a3,0,Product Description,https://books.toscrape.com/catalogue/a-distant-mirror-the-calamitous-14th-century_652/index.html,2026-03-31T13:31:48.698421+00:00
A Brush of Wings (Angels Walking #3),Add a comment,,55.51,£55.51,1,In stock (14 available),01a177623cce9596,0,Product Description,https://books.toscrape.com/catalogue/a-brush-of-wings-angels-walking-3_651/index.html,2026-03-31T13:31:50.847384+00:00
1491: New Revelations of the Americas Before Columbus,History,,21.8,£21.80,3,In stock (14 available),6e8e5626ac4d279e,0,Product Description,https://books.toscrape.com/catalogue/1491-new-revelations-of-the-americas-before-columbus_650/index.html,2026-03-31T13:31:52.420296+00:00
"The Three Searches, Meaning, and the Story",Default,,13.33,£13.33,3,In stock (13 available),ac5e0d3938caf686,0,Product Description,https://books.toscrape.com/catalogue/the-three-searches-meaning-and-the-story_649/index.html,2026-03-31T13:31:53.984863+00:00
Searching for Meaning in Gailana,Fantasy,,38.73,£38.73,1,In stock (13 available),2f0213137a80d485,0,Product Description,https://books.toscrape.com/catalogue/searching-for-meaning-in-gailana_648/index.html,2026-03-31T13:31:55.631849+00:00
Rook,Add a comment,,37.86,£37.86,4,In stock (13 available),44d97b6707dae3f0,0,Product Description,https://books.toscrape.com/catalogue/rook_647/index.html,2026-03-31T13:31:57.268088+00:00
My Kitchen Year: 136 Recipes That Saved My Life,Food and Drink,,11.53,£11.53,2,In stock (13 available),8bbd7df8a324f31d,0,Product Description,https://books.toscrape.com/catalogue/my-kitchen-year-136-recipes-that-saved-my-life_646/index.html,2026-03-31T13:31:58.887926+00:00
13 Hours: The Inside Account of What Really Happened In Benghazi,Nonfiction,,27.06,£27.06,1,In stock (13 available),4be9d1910f8a4e80,0,Product Description,https://books.toscrape.com/catalogue/13-hours-the-inside-account-of-what-really-happened-in-benghazi_645/index.html,2026-03-31T13:32:00.486203+00:00
Will You Won't You Want Me?,Womens Fiction,,13.86,£13.86,3,In stock (12 available),077b635ff2afc578,0,Product Description,https://books.toscrape.com/catalogue/will-you-wont-you-want-me_644/index.html,2026-03-31T13:32:02.059445+00:00
Tipping Point for Planet Earth: How Close Are We to the Edge?,Science,,37.55,£37.55,1,In stock (12 available),148715df5a02ea5e,0,Product Description,https://books.toscrape.com/catalogue/tipping-point-for-planet-earth-how-close-are-we-to-the-edge_643/index.html,2026-03-31T13:32:03.828240+00:00
The Star-Touched Queen,Fantasy,,32.3,£32.30,5,In stock (12 available),4a7a25be293ad678,0,Product Description,https://books.toscrape.com/catalogue/the-star-touched-queen_642/index.html,2026-03-31T13:32:05.377989+00:00
The Silent Sister (Riley MacPherson #1),Fiction,,46.29,£46.29,5,In stock (12 available),ce1ae197ada2aec4,0,Product Description,https://books.toscrape.com/catalogue/the-silent-sister-riley-macpherson-1_641/index.html,2026-03-31T13:32:06.991022+00:00
The Midnight Watch: A Novel of the Titanic and the Californian,Add a comment,,26.2,£26.20,1,In stock (12 available),14e44163678e24dc,0,Product Description,https://books.toscrape.com/catalogue/the-midnight-watch-a-novel-of-the-titanic-and-the-californian_640/index.html,2026-03-31T13:32:10.464457+00:00
The Lonely City: Adventures in the Art of Being Alone,Nonfiction,,33.26,£33.26,2,In stock (12 available),582a21a1dbbef3cf,0,Product Description,https://books.toscrape.com/catalogue/the-lonely-city-adventures-in-the-art-of-being-alone_639/index.html,2026-03-31T13:32:12.046207+00:00
The Gray Rhino: How to Recognize and Act on the Obvious Dangers We Ignore,Add a comment,,59.15,£59.15,4,In stock (12 available),3063c7e95d0bf76f,0,Product Description,https://books.toscrape.com/catalogue/the-gray-rhino-how-to-recognize-and-act-on-the-obvious-dangers-we-ignore_638/index.html,2026-03-31T13:32:13.606110+00:00
The Golden Condom: And Other Essays on Love Lost and Found,Psychology,,39.43,£39.43,1,In stock (12 available),235fa48eeed11d82,0,Product Description,https://books.toscrape.com/catalogue/the-golden-condom-and-other-essays-on-love-lost-and-found_637/index.html,2026-03-31T13:32:15.200754+00:00
The Epidemic (The Program 0.6),Young Adult,,14.44,£14.44,5,In stock (12 available),f732d7d18a91d2ba,0,Product Description,https://books.toscrape.com/catalogue/the-epidemic-the-program-06_636/index.html,2026-03-31T13:32:16.828369+00:00
The Dinner Party,Fiction,,56.54,£56.54,2,In stock (12 available),c6ca293d4810e0d5,0,Product Description,https://books.toscrape.com/catalogue/the-dinner-party_635/index.html,2026-03-31T13:32:18.457918+00:00
The Diary of a Young Girl,Nonfiction,,59.9,£59.90,3,In stock (12 available),54fc03f1e1d355db,0,Product Description,https://books.toscrape.com/catalogue/the-diary-of-a-young-girl_634/index.html,2026-03-31T13:32:20.063484+00:00
The Children,Add a comment,,11.88,£11.88,3,In stock (12 available),64fd010bf8d15096,0,Product Description,https://books.toscrape.com/catalogue/the-children_633/index.html,2026-03-31T13:32:21.695507+00:00
Stars Above (The Lunar Chronicles #4.5),Young Adult,,48.05,£48.05,2,In stock (12 available),b63ea3f7a57ae099,0,Product Description,https://books.toscrape.com/catalogue/stars-above-the-lunar-chronicles-45_632/index.html,2026-03-31T13:32:23.519236+00:00
Snatched: How A Drug Queen Went Undercover for the DEA and Was Kidnapped By Colombian Guerillas,Nonfiction,,21.21,£21.21,3,In stock (12 available),f40fea200e0c644f,0,Product Description,https://books.toscrape.com/catalogue/snatched-how-a-drug-queen-went-undercover-for-the-dea-and-was-kidnapped-by-colombian-guerillas_631/index.html,2026-03-31T13:32:25.190334+00:00
Raspberry Pi Electronics Projects for the Evil Genius,Default,,49.67,£49.67,4,In stock (12 available),ebf81a62e4798fd1,0,Product Description,https://books.toscrape.com/catalogue/raspberry-pi-electronics-projects-for-the-evil-genius_630/index.html,2026-03-31T13:32:45.905649+00:00
Quench Your Own Thirst: Business Lessons Learned Over a Beer or Two,Business,,43.14,£43.14,1,In stock (12 available),8976d9161c027142,0,Product Description,https://books.toscrape.com/catalogue/quench-your-own-thirst-business-lessons-learned-over-a-beer-or-two_629/index.html,2026-03-31T13:32:47.535727+00:00
Psycho: Sanitarium (Psycho #1.5),Horror,,36.97,£36.97,5,In stock (12 available),b8d7b3f5c7a95d65,0,Product Description,https://books.toscrape.com/catalogue/psycho-sanitarium-psycho-15_628/index.html,2026-03-31T13:32:49.139553+00:00
Poisonous (Max Revere Novels #3),Mystery,,26.8,£26.80,3,In stock (12 available),abdd91e96515a617,0,Product Description,https://books.toscrape.com/catalogue/poisonous-max-revere-novels-3_627/index.html,2026-03-31T13:32:50.782992+00:00
One with You (Crossfire #5),Add a comment,,15.71,£15.71,4,In stock (12 available),81ef44fcc5f454df,0,Product Description,https://books.toscrape.com/catalogue/one-with-you-crossfire-5_626/index.html,2026-03-31T13:32:52.387927+00:00
No Love Allowed (Dodge Cove #1),Young Adult,,54.65,£54.65,4,In stock (12 available),db84624b151cbe06,0,Product Description,https://books.toscrape.com/catalogue/no-love-allowed-dodge-cove-1_625/index.html,2026-03-31T13:32:53.984121+00:00
Murder at the 42nd Street Library (Raymond Ambler #1),Mystery,,54.36,£54.36,4,In stock (12 available),e7fe3bf2768602cf,0,Product Description,https://books.toscrape.com/catalogue/murder-at-the-42nd-street-library-raymond-ambler-1_624/index.html,2026-03-31T13:32:55.559864+00:00
Most Wanted,Mystery,,35.28,£35.28,3,In stock (12 available),c039f5aceb093537,0,Product Description,https://books.toscrape.com/catalogue/most-wanted_623/index.html,2026-03-31T13:32:57.181285+00:00
"Love, Lies and Spies",Historical Fiction,,20.55,£20.55,2,In stock (12 available),9546d537fbf99eb6,0,Product Description,https://books.toscrape.com/catalogue/love-lies-and-spies_622/index.html,2026-03-31T13:32:58.813590+00:00
How to Speak Golf: An Illustrated Guide to Links Lingo,Default,,58.32,£58.32,5,In stock (12 available),b978c9852cde91bd,0,Product Description,https://books.toscrape.com/catalogue/how-to-speak-golf-an-illustrated-guide-to-links-lingo_621/index.html,2026-03-31T13:33:00.450323+00:00
Hide Away (Eve Duncan #20),Mystery,,11.84,£11.84,1,In stock (12 available),bddc6fd036eb6279,0,Product Description,https://books.toscrape.com/catalogue/hide-away-eve-duncan-20_620/index.html,2026-03-31T13:33:03.908125+00:00
Furiously Happy: A Funny Book About Horrible Things,Nonfiction,,41.46,£41.46,4,In stock (12 available),c6a29d6df8de968c,0,Product Description,https://books.toscrape.com/catalogue/furiously-happy-a-funny-book-about-horrible-things_619/index.html,2026-03-31T13:33:05.531170+00:00
Everyday Italian: 125 Simple and Delicious Recipes,Food and Drink,,20.1,£20.10,5,In stock (12 available),76319fe9d8b465a3,0,Product Description,https://books.toscrape.com/catalogue/everyday-italian-125-simple-and-delicious-recipes_618/index.html,2026-03-31T13:33:07.116555+00:00
Equal Is Unfair: America's Misguided Fight Against Income Inequality,Politics,,56.86,£56.86,1,In stock (12 available),3968e3fbf4695d7c,0,Product Description,https://books.toscrape.com/catalogue/equal-is-unfair-americas-misguided-fight-against-income-inequality_617/index.html,2026-03-31T13:33:08.733502+00:00
Eleanor & Park,Default,,56.51,£56.51,5,In stock (12 available),6983328f15506cb9,0,Product Description,https://books.toscrape.com/catalogue/eleanor-park_616/index.html,2026-03-31T13:33:10.301002+00:00
Dirty (Dive Bar #1),Romance,,40.83,£40.83,4,In stock (12 available),df7e628bad5782b4,0,Product Description,https://books.toscrape.com/catalogue/dirty-dive-bar-1_615/index.html,2026-03-31T13:33:11.926294+00:00
Can You Keep a Secret? (Fear Street Relaunch #4),Horror,,48.64,£48.64,1,In stock (12 available),d069086944f2e330,0,Product Description,https://books.toscrape.com/catalogue/can-you-keep-a-secret-fear-street-relaunch-4_614/index.html,2026-03-31T13:33:13.536799+00:00
Boar Island (Anna Pigeon #19),Mystery,,59.48,£59.48,3,In stock (12 available),49b24c6a41b82bd2,0,Product Description,https://books.toscrape.com/catalogue/boar-island-anna-pigeon-19_613/index.html,2026-03-31T13:33:15.208368+00:00
A Paris Apartment,Historical Fiction,,39.01,£39.01,4,In stock (12 available),63343e287971bb0c,0,Product Description,https://books.toscrape.com/catalogue/a-paris-apartment_612/index.html,2026-03-31T13:33:16.780428+00:00
"A la Mode: 120 Recipes in 60 Pairings: Pies, Tarts, Cakes, Crisps, and More Topped with Ice Cream, Gelato, Frozen Custard, and More",Food and Drink,,38.77,£38.77,1,In stock (12 available),a4eef523118805ef,0,Product Description,https://books.toscrape.com/catalogue/a-la-mode-120-recipes-in-60-pairings-pies-tarts-cakes-crisps-and-more-topped-with-ice-cream-gelato-frozen-custard-and-more_611/index.html,2026-03-31T13:33:18.359236+00:00
Troublemaker: Surviving Hollywood and Scientology,Default,,48.39,£48.39,2,In stock (11 available),515cb8fcafb1ad98,0,Product Description,https://books.toscrape.com/catalogue/troublemaker-surviving-hollywood-and-scientology_610/index.html,2026-03-31T13:33:19.924341+00:00
The Widow,Mystery,,27.26,£27.26,2,In stock (11 available),6159d8b187831770,0,Product Description,https://books.toscrape.com/catalogue/the-widow_609/index.html,2026-03-31T13:33:21.562188+00:00
"The Sleep Revolution: Transforming Your Life, One Night at a Time",Nonfiction,,11.68,£11.68,4,In stock (11 available),985991708c47003e,0,Product Description,https://books.toscrape.com/catalogue/the-sleep-revolution-transforming-your-life-one-night-at-a-time_608/index.html,2026-03-31T13:33:23.151012+00:00
The Improbability of Love,Fiction,,59.45,£59.45,1,In stock (11 available),437d8dea9272d0a9,0,Product Description,https://books.toscrape.com/catalogue/the-improbability-of-love_607/index.html,2026-03-31T13:33:24.977111+00:00
The Art of Startup Fundraising,Business,,21.0,£21.00,3,In stock (11 available),1c584f82a7a1c4f0,0,Product Description,https://books.toscrape.com/catalogue/the-art-of-startup-fundraising_606/index.html,2026-03-31T13:33:26.672735+00:00
Take Me Home Tonight (Rock Star Romance #3),Romance,,53.98,£53.98,3,In stock (11 available),cf62fa272b5f0fa3,0,Product Description,https://books.toscrape.com/catalogue/take-me-home-tonight-rock-star-romance-3_605/index.html,2026-03-31T13:33:28.422489+00:00
Sleeping Giants (Themis Files #1),Science Fiction,,48.74,£48.74,1,In stock (11 available),f435aa99d864077d,0,Product Description,https://books.toscrape.com/catalogue/sleeping-giants-themis-files-1_604/index.html,2026-03-31T13:33:30.395419+00:00
"Setting the World on Fire: The Brief, Astonishing Life of St. Catherine of Siena",Biography,,21.15,£21.15,2,In stock (11 available),b06599b108e83f98,0,Product Description,https://books.toscrape.com/catalogue/setting-the-world-on-fire-the-brief-astonishing-life-of-st-catherine-of-siena_603/index.html,2026-03-31T13:33:32.016558+00:00
Playing with Fire,Mystery,,13.71,£13.71,3,In stock (11 available),05a61a3bd8ca4149,0,Product Description,https://books.toscrape.com/catalogue/playing-with-fire_602/index.html,2026-03-31T13:33:33.700914+00:00
Off the Hook (Fishing for Trouble #1),Romance,,47.67,£47.67,3,In stock (11 available),b783ce08802cd1d1,0,Product Description,https://books.toscrape.com/catalogue/off-the-hook-fishing-for-trouble-1_601/index.html,2026-03-31T13:33:35.433859+00:00
Mothering Sunday,Fiction,,13.34,£13.34,2,In stock (11 available),47e1b2d43f709995,0,Product Description,https://books.toscrape.com/catalogue/mothering-sunday_600/index.html,2026-03-31T13:33:38.823659+00:00
"Mother, Can You Not?",Nonfiction,,16.89,£16.89,5,In stock (11 available),28b2df9fadc9f07e,0,Product Description,https://books.toscrape.com/catalogue/mother-can-you-not_599/index.html,2026-03-31T13:33:40.506571+00:00
M Train,Autobiography,,27.18,£27.18,1,In stock (11 available),5569c3fea112718e,0,Product Description,https://books.toscrape.com/catalogue/m-train_598/index.html,2026-03-31T13:33:42.155012+00:00
Lilac Girls,Historical Fiction,,17.28,£17.28,2,In stock (11 available),bade9943ee01b63f,0,Product Description,https://books.toscrape.com/catalogue/lilac-girls_597/index.html,2026-03-31T13:33:43.718613+00:00
Lies and Other Acts of Love,Fiction,,45.14,£45.14,1,In stock (11 available),469508882dfc1991,0,Product Description,https://books.toscrape.com/catalogue/lies-and-other-acts-of-love_596/index.html,2026-03-31T13:33:45.337699+00:00
Lab Girl,Autobiography,,40.85,£40.85,1,In stock (11 available),825d6c44da3ca5a6,0,Product Description,https://books.toscrape.com/catalogue/lab-girl_595/index.html,2026-03-31T13:33:46.924349+00:00
Keep Me Posted,Womens Fiction,,20.46,£20.46,4,In stock (11 available),20dc4f1ac5d4fd9c,0,Product Description,https://books.toscrape.com/catalogue/keep-me-posted_594/index.html,2026-03-31T13:33:48.553918+00:00
It Didn't Start with You: How Inherited Family Trauma Shapes Who We Are and How to End the Cycle,Psychology,,56.27,£56.27,3,In stock (11 available),ce8666d9b42fc9a0,0,Product Description,https://books.toscrape.com/catalogue/it-didnt-start-with-you-how-inherited-family-trauma-shapes-who-we-are-and-how-to-end-the-cycle_593/index.html,2026-03-31T13:33:50.321807+00:00
Grey (Fifty Shades #4),Womens Fiction,,48.49,£48.49,4,In stock (11 available),b5953ca1f8a0b8d7,0,Product Description,https://books.toscrape.com/catalogue/grey-fifty-shades-4_592/index.html,2026-03-31T13:33:51.930204+00:00
"Exit, Pursued by a Bear",Young Adult,,51.34,£51.34,4,In stock (11 available),c65c25d990fc7025,0,Product Description,https://books.toscrape.com/catalogue/exit-pursued-by-a-bear_591/index.html,2026-03-31T13:33:53.525434+00:00
Daredevils,Fiction,,16.34,£16.34,3,In stock (11 available),f608c903c451f387,0,Product Description,https://books.toscrape.com/catalogue/daredevils_590/index.html,2026-03-31T13:33:55.148005+00:00
Cravings: Recipes for What You Want to Eat,Food and Drink,,20.5,£20.50,3,In stock (11 available),2587c54f5530dafc,0,Product Description,https://books.toscrape.com/catalogue/cravings-recipes-for-what-you-want-to-eat_589/index.html,2026-03-31T13:33:56.865251+00:00
Born for This: How to Find the Work You Were Meant to Do,Business,,21.59,£21.59,5,In stock (11 available),816180220e8cb419,0,Product Description,https://books.toscrape.com/catalogue/born-for-this-how-to-find-the-work-you-were-meant-to-do_588/index.html,2026-03-31T13:33:58.522866+00:00
Arena,Science Fiction,,21.36,£21.36,4,In stock (11 available),2c34f9432069b52b,0,Product Description,https://books.toscrape.com/catalogue/arena_587/index.html,2026-03-31T13:34:00.138055+00:00
Adultery,Default,,20.88,£20.88,5,In stock (11 available),bb967277222e689c,0,Product Description,https://books.toscrape.com/catalogue/adultery_586/index.html,2026-03-31T13:34:01.784657+00:00
A Mother's Reckoning: Living in the Aftermath of Tragedy,Nonfiction,,19.53,£19.53,3,In stock (11 available),2b69dec0193511d9,0,Product Description,https://books.toscrape.com/catalogue/a-mothers-reckoning-living-in-the-aftermath-of-tragedy_585/index.html,2026-03-31T13:34:03.515816+00:00
A Gentleman's Position (Society of Gentlemen #3),Romance,,14.75,£14.75,5,In stock (11 available),40c4bf520c17de54,0,Product Description,https://books.toscrape.com/catalogue/a-gentlemans-position-society-of-gentlemen-3_584/index.html,2026-03-31T13:34:05.168934+00:00
11/22/63,Fiction,,48.48,£48.48,3,In stock (11 available),a9d7b75461084a26,0,Product Description,https://books.toscrape.com/catalogue/112263_583/index.html,2026-03-31T13:34:06.834977+00:00
"10% Happier: How I Tamed the Voice in My Head, Reduced Stress Without Losing My Edge, and Found Self-Help That Actually Works",Nonfiction,,24.57,£24.57,2,In stock (10 available),34669b2e9d407d3a,0,Product Description,https://books.toscrape.com/catalogue/10-happier-how-i-tamed-the-voice-in-my-head-reduced-stress-without-losing-my-edge-and-found-self-help-that-actually-works_582/index.html,2026-03-31T13:34:08.573235+00:00
10-Day Green Smoothie Cleanse: Lose Up to 15 Pounds in 10 Days!,Health,,49.71,£49.71,5,In stock (10 available),96aa539bfd4c07e2,0,Product Description,https://books.toscrape.com/catalogue/10-day-green-smoothie-cleanse-lose-up-to-15-pounds-in-10-days_581/index.html,2026-03-31T13:34:10.220736+00:00
Without Shame,Add a comment,,48.27,£48.27,5,In stock (9 available),ab60e6f5a63e1cfb,0,Product Description,https://books.toscrape.com/catalogue/without-shame_580/index.html,2026-03-31T13:34:13.578634+00:00
Watchmen,Add a comment,,58.05,£58.05,4,In stock (9 available),d1848064c54e01c7,0,Product Description,https://books.toscrape.com/catalogue/watchmen_579/index.html,2026-03-31T13:34:15.257493+00:00
Unlimited Intuition Now,Default,,58.87,£58.87,4,In stock (9 available),4fd0a2a350f016e6,0,Product Description,https://books.toscrape.com/catalogue/unlimited-intuition-now_578/index.html,2026-03-31T13:34:16.893969+00:00
Underlying Notes,Default,,11.82,£11.82,2,In stock (9 available),0967effecd292a86,0,Product Description,https://books.toscrape.com/catalogue/underlying-notes_577/index.html,2026-03-31T13:34:18.536442+00:00
The Shack,Fiction,,28.03,£28.03,1,In stock (9 available),903a9f8090104c2c,0,Product Description,https://books.toscrape.com/catalogue/the-shack_576/index.html,2026-03-31T13:34:20.277174+00:00
The New Brand You: Your New Image Makes the Sale for You,Default,,44.05,£44.05,5,In stock (9 available),4b50fb1359ebf35d,0,Product Description,https://books.toscrape.com/catalogue/the-new-brand-you-your-new-image-makes-the-sale-for-you_575/index.html,2026-03-31T13:34:21.979774+00:00
"The Moosewood Cookbook: Recipes from Moosewood Restaurant, Ithaca, New York",Food and Drink,,12.34,£12.34,4,In stock (9 available),65cfc9f242c2984a,0,Product Description,https://books.toscrape.com/catalogue/the-moosewood-cookbook-recipes-from-moosewood-restaurant-ithaca-new-york_574/index.html,2026-03-31T13:34:23.742429+00:00
The Flowers Lied,Default,,16.68,£16.68,2,In stock (9 available),33396269bcce166f,0,Product Description,https://books.toscrape.com/catalogue/the-flowers-lied_573/index.html,2026-03-31T13:34:25.357557+00:00
"The Fabric of the Cosmos: Space, Time, and the Texture of Reality",Science,,55.91,£55.91,1,In stock (9 available),ca74f2e3c35a3e77,0,Product Description,https://books.toscrape.com/catalogue/the-fabric-of-the-cosmos-space-time-and-the-texture-of-reality_572/index.html,2026-03-31T13:34:27.076470+00:00
The Book of Mormon,Religion,,24.57,£24.57,3,In stock (9 available),3f25a2fedae191cc,0,Product Description,https://books.toscrape.com/catalogue/the-book-of-mormon_571/index.html,2026-03-31T13:34:29.215493+00:00
The Art and Science of Low Carbohydrate Living,Health,,52.98,£52.98,5,In stock (9 available),f9c87ccb2bc4853b,0,Product Description,https://books.toscrape.com/catalogue/the-art-and-science-of-low-carbohydrate-living_570/index.html,2026-03-31T13:34:30.913865+00:00
The Alien Club,Young Adult,,54.4,£54.40,1,In stock (9 available),e77594ece9b9d1fe,0,Product Description,https://books.toscrape.com/catalogue/the-alien-club_569/index.html,2026-03-31T13:34:32.658324+00:00
Suzie Snowflake: One beautiful flake (a self-esteem story),Novels,,54.81,£54.81,5,In stock (9 available),0e095ed785af7e43,0,Product Description,https://books.toscrape.com/catalogue/suzie-snowflake-one-beautiful-flake-a-self-esteem-story_568/index.html,2026-03-31T13:34:34.334631+00:00
Nap-a-Roo,Childrens,,25.08,£25.08,1,In stock (9 available),913e7109cec0cb4c,0,Product Description,https://books.toscrape.com/catalogue/nap-a-roo_567/index.html,2026-03-31T13:34:36.082398+00:00
"NaNo What Now? Finding your editing process, revising your NaNoWriMo book and building a writing career through publishing and beyond",Default,,10.41,£10.41,4,In stock (9 available),ee6c67859d70186b,0,Product Description,https://books.toscrape.com/catalogue/nano-what-now-finding-your-editing-process-revising-your-nanowrimo-book-and-building-a-writing-career-through-publishing-and-beyond_566/index.html,2026-03-31T13:34:38.751171+00:00
Modern Day Fables,Default,,47.44,£47.44,2,In stock (9 available),6baac632f7711e26,0,Product Description,https://books.toscrape.com/catalogue/modern-day-fables_565/index.html,2026-03-31T13:34:40.349203+00:00
If I Gave You God's Phone Number....: Searching for Spirituality in America,Spirituality,,20.91,£20.91,1,In stock (9 available),8fab4c4f6f82a4ce,0,Product Description,https://books.toscrape.com/catalogue/if-i-gave-you-gods-phone-number-searching-for-spirituality-in-america_564/index.html,2026-03-31T13:34:41.963228+00:00
"Fruits Basket, Vol. 9 (Fruits Basket #9)",Sequential Art,,33.95,£33.95,4,In stock (9 available),97187f5cf0385da3,0,Product Description,https://books.toscrape.com/catalogue/fruits-basket-vol-9-fruits-basket-9_563/index.html,2026-03-31T13:34:43.757976+00:00
Dress Your Family in Corduroy and Denim,Humor,,43.68,£43.68,3,In stock (9 available),7e9068872228c474,0,Product Description,https://books.toscrape.com/catalogue/dress-your-family-in-corduroy-and-denim_562/index.html,2026-03-31T13:34:45.362502+00:00
Don't Forget Steven,Young Adult,,33.23,£33.23,1,In stock (9 available),e845d305f64154f1,0,Product Description,https://books.toscrape.com/catalogue/dont-forget-steven_561/index.html,2026-03-31T13:34:46.951130+00:00
Chernobyl 01:23:40: The Incredible True Story of the World's Worst Nuclear Disaster,Nonfiction,,35.92,£35.92,2,In stock (9 available),7186241e043de5dc,0,Product Description,https://books.toscrape.com/catalogue/chernobyl-012340-the-incredible-true-story-of-the-worlds-worst-nuclear-disaster_560/index.html,2026-03-31T13:34:50.448659+00:00
Art and Fear: Observations on the Perils (and Rewards) of Artmaking,Art,,48.63,£48.63,4,In stock (9 available),d6d9ffea95f2f8bf,0,Product Description,https://books.toscrape.com/catalogue/art-and-fear-observations-on-the-perils-and-rewards-of-artmaking_559/index.html,2026-03-31T13:34:52.081532+00:00
A Shard of Ice (The Black Symphony Saga #1),Fantasy,,56.63,£56.63,3,In stock (9 available),63d5f1651880dcea,0,Product Description,https://books.toscrape.com/catalogue/a-shard-of-ice-the-black-symphony-saga-1_558/index.html,2026-03-31T13:34:53.850182+00:00
A Hero's Curse (The Unseen Chronicles #1),Add a comment,,50.49,£50.49,3,In stock (9 available),c181ca8eabe7d18c,0,Product Description,https://books.toscrape.com/catalogue/a-heros-curse-the-unseen-chronicles-1_557/index.html,2026-03-31T13:34:55.461986+00:00
23 Degrees South: A Tropical Tale of Changing Whether...,Add a comment,,35.79,£35.79,2,In stock (9 available),61cf7eb9d2cd8bb0,0,Product Description,https://books.toscrape.com/catalogue/23-degrees-south-a-tropical-tale-of-changing-whether_556/index.html,2026-03-31T13:34:57.104132+00:00
"Zero to One: Notes on Startups, or How to Build the Future",Nonfiction,,34.06,£34.06,3,In stock (8 available),e77033ce559947f7,0,Product Description,https://books.toscrape.com/catalogue/zero-to-one-notes-on-startups-or-how-to-build-the-future_555/index.html,2026-03-31T13:34:58.841694+00:00
Why Not Me?,Nonfiction,,17.76,£17.76,1,In stock (8 available),04f6c929888f4f11,0,Product Description,https://books.toscrape.com/catalogue/why-not-me_554/index.html,2026-03-31T13:35:00.422442+00:00
When Breath Becomes Air,Nonfiction,,39.36,£39.36,2,In stock (8 available),b69c852e7e3956af,0,Product Description,https://books.toscrape.com/catalogue/when-breath-becomes-air_553/index.html,2026-03-31T13:35:02.024843+00:00
Vagabonding: An Uncommon Guide to the Art of Long-Term World Travel,Travel,,36.94,£36.94,2,In stock (8 available),1809259a5a5f1d8d,0,Product Description,https://books.toscrape.com/catalogue/vagabonding-an-uncommon-guide-to-the-art-of-long-term-world-travel_552/index.html,2026-03-31T13:35:03.678243+00:00
The Unlikely Pilgrimage of Harold Fry (Harold Fry #1),Default,,43.62,£43.62,5,In stock (8 available),e0bdd79c7304ee8d,0,Product Description,https://books.toscrape.com/catalogue/the-unlikely-pilgrimage-of-harold-fry-harold-fry-1_551/index.html,2026-03-31T13:35:05.409834+00:00
The New Drawing on the Right Side of the Brain,Art,,43.02,£43.02,3,In stock (8 available),3eec766dda26fa64,0,Product Description,https://books.toscrape.com/catalogue/the-new-drawing-on-the-right-side-of-the-brain_550/index.html,2026-03-31T13:35:07.062381+00:00
"The Midnight Assassin: Panic, Scandal, and the Hunt for America's First Serial Killer",Nonfiction,,28.45,£28.45,4,In stock (8 available),5a0d2e9284004266,0,Product Description,https://books.toscrape.com/catalogue/the-midnight-assassin-panic-scandal-and-the-hunt-for-americas-first-serial-killer_549/index.html,2026-03-31T13:35:08.739553+00:00
The Martian (The Martian #1),Default,,41.39,£41.39,2,In stock (8 available),9afd00e81d6208e6,0,Product Description,https://books.toscrape.com/catalogue/the-martian-the-martian-1_548/index.html,2026-03-31T13:35:10.458673+00:00
The High Mountains of Portugal,Fiction,,51.15,£51.15,1,In stock (8 available),4f283dfcbeccc0d4,0,Product Description,https://books.toscrape.com/catalogue/the-high-mountains-of-portugal_547/index.html,2026-03-31T13:35:12.124881+00:00
The Grownup,Short Stories,,35.88,£35.88,1,In stock (8 available),1bba4b1ba23ed2d6,0,Product Description,https://books.toscrape.com/catalogue/the-grownup_546/index.html,2026-03-31T13:35:13.753620+00:00
The E-Myth Revisited: Why Most Small Businesses Don't Work and What to Do About It,Business,,36.91,£36.91,1,In stock (8 available),a2308a936e898d48,0,Product Description,https://books.toscrape.com/catalogue/the-e-myth-revisited-why-most-small-businesses-dont-work-and-what-to-do-about-it_545/index.html,2026-03-31T13:35:15.406256+00:00
South of Sunshine,Young Adult,,28.93,£28.93,1,In stock (8 available),331c26103d885cae,0,Product Description,https://books.toscrape.com/catalogue/south-of-sunshine_544/index.html,2026-03-31T13:35:17.184307+00:00
Smarter Faster Better: The Secrets of Being Productive in Life and Business,Nonfiction,,38.89,£38.89,5,In stock (8 available),a2475a245c9907c4,0,Product Description,https://books.toscrape.com/catalogue/smarter-faster-better-the-secrets-of-being-productive-in-life-and-business_543/index.html,2026-03-31T13:35:18.922879+00:00
Silence in the Dark (Logan Point #4),Suspense,,58.33,£58.33,3,In stock (8 available),e46a164cf310fd7d,0,Product Description,https://books.toscrape.com/catalogue/silence-in-the-dark-logan-point-4_542/index.html,2026-03-31T13:35:20.569194+00:00
Shadows of the Past (Logan Point #1),Christian Fiction,,39.67,£39.67,5,In stock (8 available),bee6e93e9976f4fa,0,Product Description,https://books.toscrape.com/catalogue/shadows-of-the-past-logan-point-1_541/index.html,2026-03-31T13:35:22.276084+00:00
Roller Girl,Sequential Art,,14.1,£14.10,5,In stock (8 available),aeb51dfbe8aeec59,0,Product Description,https://books.toscrape.com/catalogue/roller-girl_540/index.html,2026-03-31T13:35:25.827402+00:00
Rising Strong,Nonfiction,,21.82,£21.82,3,In stock (8 available),52fc458ffc756faf,0,Product Description,https://books.toscrape.com/catalogue/rising-strong_539/index.html,2026-03-31T13:35:27.516201+00:00
Proofs of God: Classical Arguments from Tertullian to Barth,Philosophy,,54.21,£54.21,1,In stock (8 available),d56d0710668bb39c,0,Product Description,https://books.toscrape.com/catalogue/proofs-of-god-classical-arguments-from-tertullian-to-barth_538/index.html,2026-03-31T13:35:29.208084+00:00
Please Kill Me: The Uncensored Oral History of Punk,Music,,31.19,£31.19,4,In stock (8 available),4a823d80aa30dbb0,0,Product Description,https://books.toscrape.com/catalogue/please-kill-me-the-uncensored-oral-history-of-punk_537/index.html,2026-03-31T13:35:30.888658+00:00
Out of Print: City Lights Spotlight No. 14,Poetry,,53.64,£53.64,5,In stock (8 available),c0fc0cd215ee1724,0,Product Description,https://books.toscrape.com/catalogue/out-of-print-city-lights-spotlight-no-14_536/index.html,2026-03-31T13:35:32.634090+00:00
My Life Next Door (My Life Next Door ),Young Adult,,36.39,£36.39,5,In stock (8 available),9a7291b89bd5445c,0,Product Description,https://books.toscrape.com/catalogue/my-life-next-door-my-life-next-door_535/index.html,2026-03-31T13:35:34.438508+00:00
Miller's Valley,Fiction,,58.54,£58.54,2,In stock (8 available),bff270fe9c86a5a9,0,Product Description,https://books.toscrape.com/catalogue/millers-valley_534/index.html,2026-03-31T13:35:36.000201+00:00
Man's Search for Meaning,Nonfiction,,29.48,£29.48,3,In stock (8 available),4729afff3bea0f0a,0,Product Description,https://books.toscrape.com/catalogue/mans-search-for-meaning_533/index.html,2026-03-31T13:35:37.696685+00:00
"Love That Boy: What Two Presidents, Eight Road Trips, and My Son Taught Me About a Parent's Expectations",Nonfiction,,25.06,£25.06,2,In stock (8 available),4d3a4c7b442a9a4e,0,Product Description,https://books.toscrape.com/catalogue/love-that-boy-what-two-presidents-eight-road-trips-and-my-son-taught-me-about-a-parents-expectations_532/index.html,2026-03-31T13:35:39.414962+00:00
Living Forward: A Proven Plan to Stop Drifting and Get the Life You Want,Nonfiction,,12.55,£12.55,3,In stock (8 available),044534b0b28b4e87,0,Product Description,https://books.toscrape.com/catalogue/living-forward-a-proven-plan-to-stop-drifting-and-get-the-life-you-want_531/index.html,2026-03-31T13:35:41.138232+00:00
Les Fleurs du Mal,Poetry,,29.04,£29.04,5,In stock (8 available),c44c5e1425475206,0,Product Description,https://books.toscrape.com/catalogue/les-fleurs-du-mal_530/index.html,2026-03-31T13:35:42.808538+00:00
Left Behind (Left Behind #1),Default,,40.72,£40.72,2,In stock (8 available),29af1a2566c4e36e,0,Product Description,https://books.toscrape.com/catalogue/left-behind-left-behind-1_529/index.html,2026-03-31T13:35:44.558521+00:00
Kill 'Em and Leave: Searching for James Brown and the American Soul,Music,,45.05,£45.05,5,In stock (8 available),39eefec3a8498dde,0,Product Description,https://books.toscrape.com/catalogue/kill-em-and-leave-searching-for-james-brown-and-the-american-soul_528/index.html,2026-03-31T13:35:46.179873+00:00
Kierkegaard: A Christian Missionary to Christians,Philosophy,,47.13,£47.13,1,In stock (8 available),0cf57cb49272fd37,0,Product Description,https://books.toscrape.com/catalogue/kierkegaard-a-christian-missionary-to-christians_527/index.html,2026-03-31T13:35:47.775092+00:00
John Vassos: Industrial Design for Modern Life,Default,,20.22,£20.22,4,In stock (8 available),bd26e8a79a856c31,0,Product Description,https://books.toscrape.com/catalogue/john-vassos-industrial-design-for-modern-life_526/index.html,2026-03-31T13:35:49.372570+00:00
I'll Give You the Sun,Default,,56.48,£56.48,1,In stock (8 available),0ab4b35dcffcffd1,0,Product Description,https://books.toscrape.com/catalogue/ill-give-you-the-sun_525/index.html,2026-03-31T13:35:50.925963+00:00
I Will Find You,Nonfiction,,44.21,£44.21,1,In stock (8 available),bbf1ea50be8008ab,0,Product Description,https://books.toscrape.com/catalogue/i-will-find-you_524/index.html,2026-03-31T13:35:52.543659+00:00
Hystopia: A Novel,Fiction,,21.96,£21.96,4,In stock (8 available),0bfdef63285d3019,0,Product Description,https://books.toscrape.com/catalogue/hystopia-a-novel_523/index.html,2026-03-31T13:35:54.204651+00:00
Howl and Other Poems,Poetry,,40.45,£40.45,2,In stock (8 available),b7870fa6dc088fbb,0,Product Description,https://books.toscrape.com/catalogue/howl-and-other-poems_522/index.html,2026-03-31T13:35:55.856824+00:00
History of Beauty,Art,,10.29,£10.29,4,In stock (8 available),8a150fd8ff5d7686,0,Product Description,https://books.toscrape.com/catalogue/history-of-beauty_521/index.html,2026-03-31T13:35:57.521585+00:00
Heaven is for Real: A Little Boy's Astounding Story of His Trip to Heaven and Back,Default,,52.86,£52.86,2,In stock (8 available),d48c1369927ebef1,0,Product Description,https://books.toscrape.com/catalogue/heaven-is-for-real-a-little-boys-astounding-story-of-his-trip-to-heaven-and-back_520/index.html,2026-03-31T13:36:00.887873+00:00
Future Shock (Future Shock #1),Young Adult,,55.65,£55.65,5,In stock (8 available),df6a7c43faa6732b,0,Product Description,https://books.toscrape.com/catalogue/future-shock-future-shock-1_519/index.html,2026-03-31T13:36:02.589033+00:00
Ender's Game (The Ender Quintet #1),Default,,43.64,£43.64,1,In stock (8 available),e049d44c4f1cf1b2,0,Product Description,https://books.toscrape.com/catalogue/enders-game-the-ender-quintet-1_518/index.html,2026-03-31T13:36:04.183830+00:00
Diary of a Citizen Scientist: Chasing Tiger Beetles and Other New Ways of Engaging the World,Science,,28.41,£28.41,1,In stock (8 available),0c11e2d068768dbb,0,Product Description,https://books.toscrape.com/catalogue/diary-of-a-citizen-scientist-chasing-tiger-beetles-and-other-new-ways-of-engaging-the-world_517/index.html,2026-03-31T13:36:05.780211+00:00
Death by Leisure: A Cautionary Tale,Default,,37.51,£37.51,4,In stock (8 available),4dbd54d9e36c9566,0,Product Description,https://books.toscrape.com/catalogue/death-by-leisure-a-cautionary-tale_516/index.html,2026-03-31T13:36:07.446945+00:00
Brilliant Beacons: A History of the American Lighthouse,History,,11.45,£11.45,3,In stock (8 available),7f5157bf53065d36,0,Product Description,https://books.toscrape.com/catalogue/brilliant-beacons-a-history-of-the-american-lighthouse_515/index.html,2026-03-31T13:36:09.097895+00:00
Brazen: The Courage to Find the You That's Been Hiding,Nonfiction,,19.22,£19.22,2,In stock (8 available),77e9ea355bd8ae57,0,Product Description,https://books.toscrape.com/catalogue/brazen-the-courage-to-find-the-you-thats-been-hiding_514/index.html,2026-03-31T13:36:10.754587+00:00
Between the World and Me,Nonfiction,,56.91,£56.91,4,In stock (8 available),04e3de7ac35ec5cd,0,Product Description,https://books.toscrape.com/catalogue/between-the-world-and-me_513/index.html,2026-03-31T13:36:12.419090+00:00
Being Mortal: Medicine and What Matters in the End,Nonfiction,,55.06,£55.06,4,In stock (8 available),15ebd83e53d0391b,0,Product Description,https://books.toscrape.com/catalogue/being-mortal-medicine-and-what-matters-in-the-end_512/index.html,2026-03-31T13:36:14.023976+00:00
"A Murder Over a Girl: Justice, Gender, Junior High",Nonfiction,,13.2,£13.20,3,In stock (8 available),fef91502cbacf23a,0,Product Description,https://books.toscrape.com/catalogue/a-murder-over-a-girl-justice-gender-junior-high_511/index.html,2026-03-31T13:36:15.680173+00:00
32 Yolks,Food and Drink,,53.63,£53.63,2,In stock (8 available),b1a227b7609ff263,0,Product Description,https://books.toscrape.com/catalogue/32-yolks_510/index.html,2026-03-31T13:36:17.322835+00:00
"""Most Blessed of the Patriarchs"": Thomas Jefferson and the Empire of the Imagination",History,,44.48,£44.48,5,In stock (8 available),f16c2edb2a603f92,0,Product Description,https://books.toscrape.com/catalogue/most-blessed-of-the-patriarchs-thomas-jefferson-and-the-empire-of-the-imagination_509/index.html,2026-03-31T13:36:18.990618+00:00
You Are a Badass: How to Stop Doubting Your Greatness and Start Living an Awesome Life,Self Help,,12.08,£12.08,3,In stock (7 available),88ec621893e595d0,0,Product Description,https://books.toscrape.com/catalogue/you-are-a-badass-how-to-stop-doubting-your-greatness-and-start-living-an-awesome-life_508/index.html,2026-03-31T13:36:20.607310+00:00
Wildlife of New York: A Five-Borough Coloring Book,Default,,22.14,£22.14,2,In stock (7 available),b46d022080543144,0,Product Description,https://books.toscrape.com/catalogue/wildlife-of-new-york-a-five-borough-coloring-book_507/index.html,2026-03-31T13:36:22.191539+00:00
What Happened on Beale Street (Secrets of the South Mysteries #2),Mystery,,25.37,£25.37,5,In stock (7 available),9735c969c652dd89,0,Product Description,https://books.toscrape.com/catalogue/what-happened-on-beale-street-secrets-of-the-south-mysteries-2_506/index.html,2026-03-31T13:36:23.882590+00:00
Unreasonable Hope: Finding Faith in the God Who Brings Purpose to Your Pain,Spirituality,,46.33,£46.33,2,In stock (7 available),48cb52d78c992487,0,Product Description,https://books.toscrape.com/catalogue/unreasonable-hope-finding-faith-in-the-god-who-brings-purpose-to-your-pain_505/index.html,2026-03-31T13:36:25.562845+00:00
Under the Tuscan Sun,Travel,,37.33,£37.33,3,In stock (7 available),a94350ee74deaa07,0,Product Description,https://books.toscrape.com/catalogue/under-the-tuscan-sun_504/index.html,2026-03-31T13:36:27.208131+00:00
Toddlers Are A**holes: It's Not Your Fault,Humor,,25.55,£25.55,1,In stock (7 available),4242cc3d0437db12,0,Product Description,https://books.toscrape.com/catalogue/toddlers-are-aholes-its-not-your-fault_503/index.html,2026-03-31T13:36:29.869111+00:00
The Year of Living Biblically: One Man's Humble Quest to Follow the Bible as Literally as Possible,Default,,34.72,£34.72,1,In stock (7 available),4a0b78598b42897a,0,Product Description,https://books.toscrape.com/catalogue/the-year-of-living-biblically-one-mans-humble-quest-to-follow-the-bible-as-literally-as-possible_502/index.html,2026-03-31T13:36:31.519655+00:00
The Whale,Childrens,,35.96,£35.96,4,In stock (7 available),0ff9d10864db8364,0,Product Description,https://books.toscrape.com/catalogue/the-whale_501/index.html,2026-03-31T13:36:33.193357+00:00
The Story of Art,Art,,41.14,£41.14,4,In stock (7 available),9147c5251cc99eb1,0,Product Description,https://books.toscrape.com/catalogue/the-story-of-art_500/index.html,2026-03-31T13:36:36.756795+00:00
The Origin of Species,Science,,10.01,£10.01,4,In stock (7 available),0345872b14f9e774,0,Product Description,https://books.toscrape.com/catalogue/the-origin-of-species_499/index.html,2026-03-31T13:36:38.521086+00:00
The Great Gatsby,Default,,36.05,£36.05,4,In stock (7 available),a8dbf1c6b41b885a,0,Product Description,https://books.toscrape.com/catalogue/the-great-gatsby_498/index.html,2026-03-31T13:36:40.243564+00:00
The Good Girl,Default,,49.03,£49.03,3,In stock (7 available),f935412970c9f58f,0,Product Description,https://books.toscrape.com/catalogue/the-good-girl_497/index.html,2026-03-31T13:36:42.869372+00:00
The Glass Castle,Add a comment,,16.24,£16.24,1,In stock (7 available),47f4fd3e8e1dac05,0,Product Description,https://books.toscrape.com/catalogue/the-glass-castle_496/index.html,2026-03-31T13:36:44.586698+00:00
The Faith of Christopher Hitchens: The Restless Soul of the World's Most Notorious Atheist,Biography,,39.55,£39.55,1,In stock (7 available),57f85720e54d6442,0,Product Description,https://books.toscrape.com/catalogue/the-faith-of-christopher-hitchens-the-restless-soul-of-the-worlds-most-notorious-atheist_495/index.html,2026-03-31T13:36:46.217594+00:00
The Drowning Girls,Add a comment,,35.67,£35.67,3,In stock (7 available),7a10353c9c54cf7c,0,Product Description,https://books.toscrape.com/catalogue/the-drowning-girls_494/index.html,2026-03-31T13:36:47.960898+00:00
The Constant Princess (The Tudor Court #1),Historical Fiction,,16.62,£16.62,3,In stock (7 available),24933c712f0bca2f,0,Product Description,https://books.toscrape.com/catalogue/the-constant-princess-the-tudor-court-1_493/index.html,2026-03-31T13:36:49.540934+00:00
The Bourne Identity (Jason Bourne #1),Fiction,,42.78,£42.78,4,In stock (7 available),d250657f0ebc5d73,0,Product Description,https://books.toscrape.com/catalogue/the-bourne-identity-jason-bourne-1_492/index.html,2026-03-31T13:36:51.209983+00:00
The Bachelor Girl's Guide to Murder (Herringford and Watts Mysteries #1),Mystery,,52.3,£52.30,5,In stock (7 available),20789fb17b423c4c,0,Product Description,https://books.toscrape.com/catalogue/the-bachelor-girls-guide-to-murder-herringford-and-watts-mysteries-1_491/index.html,2026-03-31T13:36:52.865882+00:00
The Art Book,Art,,32.34,£32.34,2,In stock (7 available),4b8fa561a1e52d1c,0,Product Description,https://books.toscrape.com/catalogue/the-art-book_490/index.html,2026-03-31T13:36:54.520354+00:00
The 7 Habits of Highly Effective People: Powerful Lessons in Personal Change,Default,,33.17,£33.17,4,In stock (7 available),5fbd03b1ac0a0e69,0,Product Description,https://books.toscrape.com/catalogue/the-7-habits-of-highly-effective-people-powerful-lessons-in-personal-change_489/index.html,2026-03-31T13:36:56.208125+00:00
Team of Rivals: The Political Genius of Abraham Lincoln,Add a comment,,20.12,£20.12,5,In stock (7 available),ba047a636b7d3793,0,Product Description,https://books.toscrape.com/catalogue/team-of-rivals-the-political-genius-of-abraham-lincoln_488/index.html,2026-03-31T13:36:57.868841+00:00
Steal Like an Artist: 10 Things Nobody Told You About Being Creative,Default,,20.9,£20.90,2,In stock (7 available),8776181be110838a,0,Product Description,https://books.toscrape.com/catalogue/steal-like-an-artist-10-things-nobody-told-you-about-being-creative_487/index.html,2026-03-31T13:36:59.571637+00:00
"Sit, Stay, Love",Romance,,20.9,£20.90,3,In stock (7 available),bd087cf6a846db75,0,Product Description,https://books.toscrape.com/catalogue/sit-stay-love_486/index.html,2026-03-31T13:37:01.228886+00:00
Sister Dear,Fiction,,40.2,£40.20,4,In stock (7 available),7ffebdd1d5148aef,0,Product Description,https://books.toscrape.com/catalogue/sister-dear_485/index.html,2026-03-31T13:37:02.950763+00:00
"Shrunken Treasures: Literary Classics, Short, Sweet, and Silly",Childrens,,52.87,£52.87,3,In stock (7 available),9639e89d20228e6e,0,Product Description,https://books.toscrape.com/catalogue/shrunken-treasures-literary-classics-short-sweet-and-silly_484/index.html,2026-03-31T13:37:04.755914+00:00
"Rich Dad, Poor Dad",Business,,51.74,£51.74,1,In stock (7 available),8486f61aa81a3daa,0,Product Description,https://books.toscrape.com/catalogue/rich-dad-poor-dad_483/index.html,2026-03-31T13:37:06.413912+00:00
Raymie Nightingale,Childrens,,34.41,£34.41,2,In stock (7 available),31c56c4d0fe19340,0,Product Description,https://books.toscrape.com/catalogue/raymie-nightingale_482/index.html,2026-03-31T13:37:08.001973+00:00
Playing from the Heart,Childrens,,32.38,£32.38,1,In stock (7 available),68008abf6409dfde,0,Product Description,https://books.toscrape.com/catalogue/playing-from-the-heart_481/index.html,2026-03-31T13:37:09.673096+00:00
Nightstruck: A Novel,Young Adult,,50.35,£50.35,4,In stock (7 available),746029796363aa51,0,Product Description,https://books.toscrape.com/catalogue/nightstruck-a-novel_480/index.html,2026-03-31T13:37:12.985317+00:00
"Naturally Lean: 125 Nourishing Gluten-Free, Plant-Based Recipes--All Under 300 Calories",Food and Drink,,11.38,£11.38,5,In stock (7 available),924438fc6cbec836,0,Product Description,https://books.toscrape.com/catalogue/naturally-lean-125-nourishing-gluten-free-plant-based-recipes-all-under-300-calories_479/index.html,2026-03-31T13:37:14.684482+00:00
Meternity,Womens Fiction,,43.58,£43.58,3,In stock (7 available),725cd8d23d78cdca,0,Product Description,https://books.toscrape.com/catalogue/meternity_478/index.html,2026-03-31T13:37:16.384830+00:00
Memoirs of a Geisha,Fiction,,49.67,£49.67,3,In stock (7 available),dac4b5847454fd9b,0,Product Description,https://books.toscrape.com/catalogue/memoirs-of-a-geisha_477/index.html,2026-03-31T13:37:18.229953+00:00
Like Never Before (Walker Family #2),Christian Fiction,,28.77,£28.77,2,In stock (7 available),b6670507e85b30e6,0,Product Description,https://books.toscrape.com/catalogue/like-never-before-walker-family-2_476/index.html,2026-03-31T13:37:19.913909+00:00
Life of Pi,Default,,13.22,£13.22,4,In stock (7 available),40cdcbb7692fd408,0,Product Description,https://books.toscrape.com/catalogue/life-of-pi_475/index.html,2026-03-31T13:37:21.502630+00:00
Leave This Song Behind: Teen Poetry at Its Best,Poetry,,51.17,£51.17,5,In stock (7 available),b74ee891e2a6dd69,0,Product Description,https://books.toscrape.com/catalogue/leave-this-song-behind-teen-poetry-at-its-best_474/index.html,2026-03-31T13:37:23.103253+00:00
King's Folly (The Kinsman Chronicles #1),Fantasy,,39.61,£39.61,5,In stock (7 available),4c82371b8cd02d4d,0,Product Description,https://books.toscrape.com/catalogue/kings-folly-the-kinsman-chronicles-1_473/index.html,2026-03-31T13:37:24.722285+00:00
John Adams,Add a comment,,57.43,£57.43,4,In stock (7 available),68407606544d6f22,0,Product Description,https://books.toscrape.com/catalogue/john-adams_472/index.html,2026-03-31T13:37:26.300515+00:00
How to Cook Everything Vegetarian: Simple Meatless Recipes for Great Food (How to Cook Everything),Food and Drink,,46.01,£46.01,4,In stock (7 available),2a9fcb3382d351c8,0,Product Description,https://books.toscrape.com/catalogue/how-to-cook-everything-vegetarian-simple-meatless-recipes-for-great-food-how-to-cook-everything_471/index.html,2026-03-31T13:37:28.064499+00:00
How to Be a Domestic Goddess: Baking and the Art of Comfort Cooking,Food and Drink,,28.25,£28.25,2,In stock (7 available),eff5710404e2ff78,0,Product Description,https://books.toscrape.com/catalogue/how-to-be-a-domestic-goddess-baking-and-the-art-of-comfort-cooking_470/index.html,2026-03-31T13:37:29.801465+00:00
Good in Bed (Cannie Shapiro #1),Add a comment,,37.05,£37.05,5,In stock (7 available),c00bc29a678a6efb,0,Product Description,https://books.toscrape.com/catalogue/good-in-bed-cannie-shapiro-1_469/index.html,2026-03-31T13:37:31.556422+00:00
"Fruits Basket, Vol. 7 (Fruits Basket #7)",Sequential Art,,19.57,£19.57,1,In stock (7 available),de6d7645f192d517,0,Product Description,https://books.toscrape.com/catalogue/fruits-basket-vol-7-fruits-basket-7_468/index.html,2026-03-31T13:37:33.138502+00:00
For the Love: Fighting for Grace in a World of Impossible Standards,Nonfiction,,45.13,£45.13,3,In stock (7 available),2e40333991f56f45,0,Product Description,https://books.toscrape.com/catalogue/for-the-love-fighting-for-grace-in-a-world-of-impossible-standards_467/index.html,2026-03-31T13:37:34.865546+00:00
Finding God in the Ruins: How God Redeems Pain,Nonfiction,,46.64,£46.64,2,In stock (7 available),4e78f06160b717ac,0,Product Description,https://books.toscrape.com/catalogue/finding-god-in-the-ruins-how-god-redeems-pain_466/index.html,2026-03-31T13:37:36.478246+00:00
Every Heart a Doorway (Every Heart A Doorway #1),Fantasy,,12.16,£12.16,5,In stock (7 available),4fa75fc6829431ca,0,Product Description,https://books.toscrape.com/catalogue/every-heart-a-doorway-every-heart-a-doorway-1_465/index.html,2026-03-31T13:37:38.073154+00:00
Delivering the Truth (Quaker Midwife Mystery #1),Mystery,,20.89,£20.89,4,In stock (7 available),4e980425468708da,0,Product Description,https://books.toscrape.com/catalogue/delivering-the-truth-quaker-midwife-mystery-1_464/index.html,2026-03-31T13:37:39.687796+00:00
Counted With the Stars (Out from Egypt #1),Christian Fiction,,17.97,£17.97,5,In stock (7 available),4807043b8218e9ce,0,Product Description,https://books.toscrape.com/catalogue/counted-with-the-stars-out-from-egypt-1_463/index.html,2026-03-31T13:37:41.279724+00:00
"Chronicles, Vol. 1",Music,,52.6,£52.60,2,In stock (7 available),4781b6bfd6f7a2c5,0,Product Description,https://books.toscrape.com/catalogue/chronicles-vol-1_462/index.html,2026-03-31T13:37:43.019119+00:00
Blue Like Jazz: Nonreligious Thoughts on Christian Spirituality,Christian,,25.77,£25.77,1,In stock (7 available),a322361a37a78d3d,0,Product Description,https://books.toscrape.com/catalogue/blue-like-jazz-nonreligious-thoughts-on-christian-spirituality_461/index.html,2026-03-31T13:37:44.615321+00:00
Benjamin Franklin: An American Life,Biography,,48.19,£48.19,3,In stock (7 available),5b546a46a86a9d8c,0,Product Description,https://books.toscrape.com/catalogue/benjamin-franklin-an-american-life_460/index.html,2026-03-31T13:37:47.886250+00:00
"At The Existentialist Café: Freedom, Being, and apricot cocktails with: Jean-Paul Sartre, Simone de Beauvoir, Albert Camus, Martin Heidegger, Edmund Husserl, Karl Jaspers, Maurice Merleau-Ponty and others",Philosophy,,29.93,£29.93,5,In stock (7 available),6b52904b2ab91bf6,0,Product Description,https://books.toscrape.com/catalogue/at-the-existentialist-cafe-freedom-being-and-apricot-cocktails-with-jean-paul-sartre-simone-de-beauvoir-albert-camus-martin-heidegger-edmund-husserl-karl-jaspers-maurice-merleau-ponty-and-others_459/index.html,2026-03-31T13:37:49.546514+00:00
A Summer In Europe,Travel,,44.34,£44.34,2,In stock (7 available),cc1936a9f4e93477,0,Product Description,https://books.toscrape.com/catalogue/a-summer-in-europe_458/index.html,2026-03-31T13:37:51.149680+00:00
A Short History of Nearly Everything,History,,52.4,£52.40,5,In stock (7 available),6c7fa6844380f50a,0,Product Description,https://books.toscrape.com/catalogue/a-short-history-of-nearly-everything_457/index.html,2026-03-31T13:37:52.816712+00:00
A Gathering of Shadows (Shades of Magic #2),Fantasy,,44.81,£44.81,4,In stock (7 available),d1378a0ad06ff979,0,Product Description,https://books.toscrape.com/catalogue/a-gathering-of-shadows-shades-of-magic-2_456/index.html,2026-03-31T13:37:54.451998+00:00
The Sound Of Love,Default,,57.84,£57.84,5,In stock (6 available),5ba3d703d1ae0c1d,0,Product Description,https://books.toscrape.com/catalogue/the-sound-of-love_455/index.html,2026-03-31T13:37:56.399063+00:00
The Rise and Fall of the Third Reich: A History of Nazi Germany,History,,39.67,£39.67,2,In stock (6 available),774fa432bd7d9c47,0,Product Description,https://books.toscrape.com/catalogue/the-rise-and-fall-of-the-third-reich-a-history-of-nazi-germany_454/index.html,2026-03-31T13:37:58.209277+00:00
The Perks of Being a Wallflower,Default,,55.02,£55.02,3,In stock (6 available),fd364afd082f5446,0,Product Description,https://books.toscrape.com/catalogue/the-perks-of-being-a-wallflower_453/index.html,2026-03-31T13:37:59.833325+00:00
The Mysterious Affair at Styles (Hercule Poirot #1),Mystery,,24.8,£24.80,4,In stock (6 available),2da5edf8b5776c9a,0,Product Description,https://books.toscrape.com/catalogue/the-mysterious-affair-at-styles-hercule-poirot-1_452/index.html,2026-03-31T13:38:01.430632+00:00
The Man Who Mistook His Wife for a Hat and Other Clinical Tales,Nonfiction,,59.45,£59.45,4,In stock (6 available),60376aa71be66083,0,Product Description,https://books.toscrape.com/catalogue/the-man-who-mistook-his-wife-for-a-hat-and-other-clinical-tales_451/index.html,2026-03-31T13:38:03.089855+00:00
The Makings of a Fatherless Child,Default,,31.58,£31.58,2,In stock (6 available),2efa5a839e62b1bd,0,Product Description,https://books.toscrape.com/catalogue/the-makings-of-a-fatherless-child_450/index.html,2026-03-31T13:38:04.950096+00:00
The Joy of Cooking,Add a comment,,43.27,£43.27,4,In stock (6 available),d326e189b1210916,0,Product Description,https://books.toscrape.com/catalogue/the-joy-of-cooking_449/index.html,2026-03-31T13:38:06.764907+00:00
The Invention of Wings,Historical Fiction,,37.34,£37.34,1,In stock (6 available),e6635f5b0a2c78db,0,Product Description,https://books.toscrape.com/catalogue/the-invention-of-wings_448/index.html,2026-03-31T13:38:08.366365+00:00
The Hobbit (Middle-Earth Universe),Default,,17.8,£17.80,5,In stock (6 available),72b5355dda190b6a,0,Product Description,https://books.toscrape.com/catalogue/the-hobbit-middle-earth-universe_447/index.html,2026-03-31T13:38:10.033044+00:00
The Great Railway Bazaar,Travel,,30.54,£30.54,1,In stock (6 available),48736df57e7bec9f,0,Product Description,https://books.toscrape.com/catalogue/the-great-railway-bazaar_446/index.html,2026-03-31T13:38:11.766773+00:00
The Golden Compass (His Dark Materials #1),Add a comment,,18.77,£18.77,1,In stock (6 available),d33824cb93ecab6f,0,Product Description,https://books.toscrape.com/catalogue/the-golden-compass-his-dark-materials-1_445/index.html,2026-03-31T13:38:13.466919+00:00
The God Delusion,Add a comment,,46.85,£46.85,3,In stock (6 available),2bc80eba94950873,0,Product Description,https://books.toscrape.com/catalogue/the-god-delusion_444/index.html,2026-03-31T13:38:15.058303+00:00
The Girl You Left Behind (The Girl You Left Behind #1),Historical,,15.79,£15.79,1,In stock (6 available),eb7459e0c570251d,0,Product Description,https://books.toscrape.com/catalogue/the-girl-you-left-behind-the-girl-you-left-behind-1_443/index.html,2026-03-31T13:38:16.619995+00:00
The Fellowship of the Ring (The Lord of the Rings #1),Default,,10.27,£10.27,2,In stock (6 available),cb17945cb90b7837,0,Product Description,https://books.toscrape.com/catalogue/the-fellowship-of-the-ring-the-lord-of-the-rings-1_442/index.html,2026-03-31T13:38:18.338777+00:00
The Collected Poems of W.B. Yeats (The Collected Works of W.B. Yeats #1),Poetry,,15.42,£15.42,5,In stock (6 available),3d250ab0f12be445,0,Product Description,https://books.toscrape.com/catalogue/the-collected-poems-of-wb-yeats-the-collected-works-of-wb-yeats-1_441/index.html,2026-03-31T13:38:19.942401+00:00
The Barefoot Contessa Cookbook,Food and Drink,,59.92,£59.92,5,In stock (6 available),6478ccb4416e6a5d,0,Product Description,https://books.toscrape.com/catalogue/the-barefoot-contessa-cookbook_440/index.html,2026-03-31T13:38:23.593989+00:00
Tell the Wolves I'm Home,Young Adult,,50.96,£50.96,2,In stock (6 available),2a1b3d967cda1da2,0,Product Description,https://books.toscrape.com/catalogue/tell-the-wolves-im-home_439/index.html,2026-03-31T13:38:25.182071+00:00
Ship Leaves Harbor: Essays on Travel by a Recovering Journeyman,Default,,30.6,£30.60,3,In stock (6 available),8d8e9f9b8730eb25,0,Product Description,https://books.toscrape.com/catalogue/ship-leaves-harbor-essays-on-travel-by-a-recovering-journeyman_438/index.html,2026-03-31T13:38:26.742322+00:00
Pride and Prejudice,Add a comment,,19.27,£19.27,4,In stock (6 available),720c36b2bee4692e,0,Product Description,https://books.toscrape.com/catalogue/pride-and-prejudice_437/index.html,2026-03-31T13:38:28.269089+00:00
Musicophilia: Tales of Music and the Brain,Default,,46.58,£46.58,1,In stock (6 available),6d235933670503d9,0,Product Description,https://books.toscrape.com/catalogue/musicophilia-tales-of-music-and-the-brain_436/index.html,2026-03-31T13:38:29.874176+00:00
Mere Christianity,Add a comment,,48.51,£48.51,3,In stock (6 available),f38f37ed934d84b2,0,Product Description,https://books.toscrape.com/catalogue/mere-christianity_435/index.html,2026-03-31T13:38:31.536526+00:00
Me Before You (Me Before You #1),Fiction,,19.02,£19.02,1,In stock (6 available),7a2b51f69e81c722,0,Product Description,https://books.toscrape.com/catalogue/me-before-you-me-before-you-1_434/index.html,2026-03-31T13:38:33.201807+00:00
In the Woods (Dublin Murder Squad #1),Mystery,,38.38,£38.38,2,In stock (6 available),6958de044cb28a84,0,Product Description,https://books.toscrape.com/catalogue/in-the-woods-dublin-murder-squad-1_433/index.html,2026-03-31T13:38:34.776707+00:00
In Cold Blood,Nonfiction,,49.98,£49.98,4,In stock (6 available),fe0f34ebed689381,0,Product Description,https://books.toscrape.com/catalogue/in-cold-blood_432/index.html,2026-03-31T13:38:36.454006+00:00
How to Stop Worrying and Start Living,Self Help,,46.49,£46.49,5,In stock (6 available),e792c0969cefe1b8,0,Product Description,https://books.toscrape.com/catalogue/how-to-stop-worrying-and-start-living_431/index.html,2026-03-31T13:38:38.098282+00:00
Give It Back,Thriller,,18.32,£18.32,2,In stock (6 available),012170e4fc87ace0,0,Product Description,https://books.toscrape.com/catalogue/give-it-back_430/index.html,2026-03-31T13:38:39.730535+00:00
"Girl, Interrupted",Nonfiction,,42.14,£42.14,3,In stock (6 available),384c7d41d5ffe9d1,0,Product Description,https://books.toscrape.com/catalogue/girl-interrupted_429/index.html,2026-03-31T13:38:41.290168+00:00
Fun Home: A Family Tragicomic,Add a comment,,56.59,£56.59,4,In stock (6 available),56a34d0cec11d6b0,0,Product Description,https://books.toscrape.com/catalogue/fun-home-a-family-tragicomic_428/index.html,2026-03-31T13:38:42.957597+00:00
"Fruits Basket, Vol. 6 (Fruits Basket #6)",Sequential Art,,20.96,£20.96,4,In stock (6 available),97258f576d4bb672,0,Product Description,https://books.toscrape.com/catalogue/fruits-basket-vol-6-fruits-basket-6_427/index.html,2026-03-31T13:38:44.586944+00:00
Deception Point,Fiction,,40.32,£40.32,4,In stock (6 available),4e3b183180e2a992,0,Product Description,https://books.toscrape.com/catalogue/deception-point_426/index.html,2026-03-31T13:38:46.166081+00:00
"Death Note, Vol. 6: Give-and-Take (Death Note #6)",Sequential Art,,36.39,£36.39,3,In stock (6 available),6e06d0f00f6da20f,0,Product Description,https://books.toscrape.com/catalogue/death-note-vol-6-give-and-take-death-note-6_425/index.html,2026-03-31T13:38:47.787856+00:00
Catherine the Great: Portrait of a Woman,History,,58.55,£58.55,4,In stock (6 available),f3c70d296ec796c4,0,Product Description,https://books.toscrape.com/catalogue/catherine-the-great-portrait-of-a-woman_424/index.html,2026-03-31T13:38:49.494970+00:00
Better Homes and Gardens New Cook Book,Food and Drink,,39.61,£39.61,3,In stock (6 available),faf841f81c52638b,0,Product Description,https://books.toscrape.com/catalogue/better-homes-and-gardens-new-cook-book_423/index.html,2026-03-31T13:38:51.112006+00:00
An Unquiet Mind: A Memoir of Moods and Madness,Psychology,,21.3,£21.30,3,In stock (6 available),46cb43c2ab133ccc,0,Product Description,https://books.toscrape.com/catalogue/an-unquiet-mind-a-memoir-of-moods-and-madness_422/index.html,2026-03-31T13:38:52.744671+00:00
A Year in Provence (Provence #1),Travel,,56.88,£56.88,4,In stock (6 available),9e60929f521fa280,0,Product Description,https://books.toscrape.com/catalogue/a-year-in-provence-provence-1_421/index.html,2026-03-31T13:38:54.353427+00:00
World Without End (The Pillars of the Earth #2),Historical Fiction,,32.97,£32.97,4,In stock (5 available),2e5b4ff08a75fd02,0,Product Description,https://books.toscrape.com/catalogue/world-without-end-the-pillars-of-the-earth-2_420/index.html,2026-03-31T13:38:57.831829+00:00
"Will Grayson, Will Grayson (Will Grayson, Will Grayson)",Young Adult,,47.31,£47.31,4,In stock (5 available),e75f3ae1da1cc652,0,Product Description,https://books.toscrape.com/catalogue/will-grayson-will-grayson-will-grayson-will-grayson_419/index.html,2026-03-31T13:38:59.481298+00:00
Why Save the Bankers?: And Other Essays on Our Economic and Political Crisis,Nonfiction,,48.67,£48.67,2,In stock (5 available),759ee7d059b1beb8,0,Product Description,https://books.toscrape.com/catalogue/why-save-the-bankers-and-other-essays-on-our-economic-and-political-crisis_418/index.html,2026-03-31T13:39:01.145088+00:00
Where She Went (If I Stay #2),Young Adult,,41.73,£41.73,4,In stock (5 available),60369d96b7b80869,0,Product Description,https://books.toscrape.com/catalogue/where-she-went-if-i-stay-2_417/index.html,2026-03-31T13:39:02.800628+00:00
What If?: Serious Scientific Answers to Absurd Hypothetical Questions,Default,,53.68,£53.68,4,In stock (5 available),163d89116179c33f,0,Product Description,https://books.toscrape.com/catalogue/what-if-serious-scientific-answers-to-absurd-hypothetical-questions_416/index.html,2026-03-31T13:39:04.468834+00:00
Two Summers,Young Adult,,14.64,£14.64,1,In stock (5 available),3a7d54a264d9f33e,0,Product Description,https://books.toscrape.com/catalogue/two-summers_415/index.html,2026-03-31T13:39:06.050107+00:00
This Is Your Brain on Music: The Science of a Human Obsession,Music,,38.4,£38.40,1,In stock (5 available),bc209a900101f28d,0,Product Description,https://books.toscrape.com/catalogue/this-is-your-brain-on-music-the-science-of-a-human-obsession_414/index.html,2026-03-31T13:39:07.602963+00:00
The Secret Garden,Classics,,15.08,£15.08,4,In stock (5 available),abbb492978ff656d,0,Product Description,https://books.toscrape.com/catalogue/the-secret-garden_413/index.html,2026-03-31T13:39:09.290265+00:00
The Raven King (The Raven Cycle #4),Add a comment,,30.57,£30.57,2,In stock (5 available),2e4fc5eacceec12c,0,Product Description,https://books.toscrape.com/catalogue/the-raven-king-the-raven-cycle-4_412/index.html,2026-03-31T13:39:10.950489+00:00
The Raven Boys (The Raven Cycle #1),Fantasy,,57.74,£57.74,4,In stock (5 available),e0b3a679b83caccc,0,Product Description,https://books.toscrape.com/catalogue/the-raven-boys-the-raven-cycle-1_411/index.html,2026-03-31T13:39:12.600440+00:00
The Power Greens Cookbook: 140 Delicious Superfood Recipes,Food and Drink,,11.05,£11.05,5,In stock (5 available),f701fae56b645ef7,0,Product Description,https://books.toscrape.com/catalogue/the-power-greens-cookbook-140-delicious-superfood-recipes_410/index.html,2026-03-31T13:39:14.446249+00:00
The Metamorphosis,Classics,,28.58,£28.58,1,In stock (5 available),93379e3a2072a01b,0,Product Description,https://books.toscrape.com/catalogue/the-metamorphosis_409/index.html,2026-03-31T13:39:16.206693+00:00
The Mathews Men: Seven Brothers and the War Against Hitler's U-boats,History,,42.91,£42.91,5,In stock (5 available),0d210d2448c3018f,0,Product Description,https://books.toscrape.com/catalogue/the-mathews-men-seven-brothers-and-the-war-against-hitlers-u-boats_408/index.html,2026-03-31T13:39:17.807313+00:00
The Little Paris Bookshop,Fiction,,24.73,£24.73,3,In stock (5 available),dfd9ff1f343cdaff,0,Product Description,https://books.toscrape.com/catalogue/the-little-paris-bookshop_407/index.html,2026-03-31T13:39:19.430443+00:00
The Hiding Place,History,,55.91,£55.91,4,In stock (5 available),c4589ee5977a47be,0,Product Description,https://books.toscrape.com/catalogue/the-hiding-place_406/index.html,2026-03-31T13:39:21.045218+00:00
The Grand Design,Science,,13.76,£13.76,3,In stock (5 available),3213b1f13f5f0f7c,0,Product Description,https://books.toscrape.com/catalogue/the-grand-design_405/index.html,2026-03-31T13:39:22.674325+00:00
The Firm,Fiction,,45.56,£45.56,3,In stock (5 available),ad84f18659e6bfe2,0,Product Description,https://books.toscrape.com/catalogue/the-firm_404/index.html,2026-03-31T13:39:24.360732+00:00
The Fault in Our Stars,Default,,47.22,£47.22,1,In stock (5 available),3661360c99719414,0,Product Description,https://books.toscrape.com/catalogue/the-fault-in-our-stars_403/index.html,2026-03-31T13:39:25.959473+00:00
The False Prince (The Ascendance Trilogy #1),Fantasy,,56.0,£56.00,5,In stock (5 available),a2a9f76339d21ab1,0,Product Description,https://books.toscrape.com/catalogue/the-false-prince-the-ascendance-trilogy-1_402/index.html,2026-03-31T13:39:27.665112+00:00
The Expatriates,Fiction,,44.58,£44.58,2,In stock (5 available),fe7210553d56c097,0,Product Description,https://books.toscrape.com/catalogue/the-expatriates_401/index.html,2026-03-31T13:39:29.309038+00:00
The Dream Thieves (The Raven Cycle #2),Default,,34.5,£34.50,1,In stock (5 available),fec06f52054ea900,0,Product Description,https://books.toscrape.com/catalogue/the-dream-thieves-the-raven-cycle-2_400/index.html,2026-03-31T13:39:32.712330+00:00
The Darkest Corners,Young Adult,,11.33,£11.33,5,In stock (5 available),c4182bdb53e2459a,0,Product Description,https://books.toscrape.com/catalogue/the-darkest-corners_399/index.html,2026-03-31T13:39:34.484978+00:00
The Crossover,Poetry,,38.77,£38.77,4,In stock (5 available),b228042c088b1913,0,Product Description,https://books.toscrape.com/catalogue/the-crossover_398/index.html,2026-03-31T13:39:36.095895+00:00
The 5th Wave (The 5th Wave #1),Default,,11.83,£11.83,2,In stock (5 available),b716233fcb6877e6,0,Product Description,https://books.toscrape.com/catalogue/the-5th-wave-the-5th-wave-1_397/index.html,2026-03-31T13:39:37.779568+00:00
Tell the Wind and Fire,Fantasy,,45.51,£45.51,3,In stock (5 available),84126312e2431a09,0,Product Description,https://books.toscrape.com/catalogue/tell-the-wind-and-fire_396/index.html,2026-03-31T13:39:39.411570+00:00
Tell Me Three Things,Young Adult,,41.81,£41.81,1,In stock (5 available),50d5a7b861ed1c54,0,Product Description,https://books.toscrape.com/catalogue/tell-me-three-things_395/index.html,2026-03-31T13:39:41.075260+00:00
Talking to Girls About Duran Duran: One Young Man's Quest for True Love and a Cooler Haircut,Nonfiction,,25.15,£25.15,4,In stock (5 available),1dba84766a5e87b8,0,Product Description,https://books.toscrape.com/catalogue/talking-to-girls-about-duran-duran-one-young-mans-quest-for-true-love-and-a-cooler-haircut_394/index.html,2026-03-31T13:39:42.747656+00:00
Siddhartha,Fiction,,34.22,£34.22,5,In stock (5 available),84bb29c53592ac40,0,Product Description,https://books.toscrape.com/catalogue/siddhartha_393/index.html,2026-03-31T13:39:44.358973+00:00
Shiver (The Wolves of Mercy Falls #1),Default,,16.23,£16.23,5,In stock (5 available),59a8ae019b64f2a7,0,Product Description,https://books.toscrape.com/catalogue/shiver-the-wolves-of-mercy-falls-1_392/index.html,2026-03-31T13:39:46.011188+00:00
Remember Me?,Default,,11.48,£11.48,3,In stock (5 available),2973d38c2fbd7a5c,0,Product Description,https://books.toscrape.com/catalogue/remember-me_391/index.html,2026-03-31T13:39:47.600493+00:00
Red Dragon (Hannibal Lecter #1),Horror,,23.37,£23.37,3,In stock (5 available),e958ae92f328c181,0,Product Description,https://books.toscrape.com/catalogue/red-dragon-hannibal-lecter-1_390/index.html,2026-03-31T13:39:49.204196+00:00
Peak: Secrets from the New Science of Expertise,Science,,16.28,£16.28,2,In stock (5 available),6036239d2ab349b7,0,Product Description,https://books.toscrape.com/catalogue/peak-secrets-from-the-new-science-of-expertise_389/index.html,2026-03-31T13:39:50.787986+00:00
My Mother Was Nuts,Nonfiction,,31.63,£31.63,4,In stock (5 available),a4ce39a3720cd679,0,Product Description,https://books.toscrape.com/catalogue/my-mother-was-nuts_388/index.html,2026-03-31T13:39:52.391937+00:00
Mexican Today: New and Rediscovered Recipes for Contemporary Kitchens,Food and Drink,,24.91,£24.91,5,In stock (5 available),12a90b90283b2e6d,0,Product Description,https://books.toscrape.com/catalogue/mexican-today-new-and-rediscovered-recipes-for-contemporary-kitchens_387/index.html,2026-03-31T13:39:53.945965+00:00
Maybe Something Beautiful: How Art Transformed a Neighborhood,Childrens,,22.54,£22.54,1,In stock (5 available),81c68492ccd72941,0,Product Description,https://books.toscrape.com/catalogue/maybe-something-beautiful-how-art-transformed-a-neighborhood_386/index.html,2026-03-31T13:39:55.615398+00:00
Lola and the Boy Next Door (Anna and the French Kiss #2),Young Adult,,23.63,£23.63,4,In stock (5 available),5e1a88d248599768,0,Product Description,https://books.toscrape.com/catalogue/lola-and-the-boy-next-door-anna-and-the-french-kiss-2_385/index.html,2026-03-31T13:39:57.257313+00:00
Logan Kade (Fallen Crest High #5.5),Academic,,13.12,£13.12,2,In stock (5 available),7093cf549cd2e7de,0,Product Description,https://books.toscrape.com/catalogue/logan-kade-fallen-crest-high-55_384/index.html,2026-03-31T13:39:58.845136+00:00
Last One Home (New Beginnings #1),Fiction,,59.98,£59.98,3,In stock (5 available),07e6810fd3236bda,0,Product Description,https://books.toscrape.com/catalogue/last-one-home-new-beginnings-1_383/index.html,2026-03-31T13:40:00.421384+00:00
Killing Floor (Jack Reacher #1),Thriller,,31.49,£31.49,4,In stock (5 available),8dde2ff3f6fcc0a3,0,Product Description,https://books.toscrape.com/catalogue/killing-floor-jack-reacher-1_382/index.html,2026-03-31T13:40:02.116328+00:00
Kill the Boy Band,Young Adult,,15.52,£15.52,5,In stock (5 available),44f545727e704187,0,Product Description,https://books.toscrape.com/catalogue/kill-the-boy-band_381/index.html,2026-03-31T13:40:04.095983+00:00
Isla and the Happily Ever After (Anna and the French Kiss #3),Young Adult,,48.13,£48.13,5,In stock (5 available),45045146dbf7b009,0,Product Description,https://books.toscrape.com/catalogue/isla-and-the-happily-ever-after-anna-and-the-french-kiss-3_380/index.html,2026-03-31T13:40:07.707715+00:00
If I Stay (If I Stay #1),Default,,38.13,£38.13,5,In stock (5 available),7284d85428305f5a,0,Product Description,https://books.toscrape.com/catalogue/if-i-stay-if-i-stay-1_379/index.html,2026-03-31T13:40:09.368421+00:00
I Know Why the Caged Bird Sings (Maya Angelou's Autobiography #1),Default,,36.55,£36.55,2,In stock (5 available),d219d4e325e6f204,0,Product Description,https://books.toscrape.com/catalogue/i-know-why-the-caged-bird-sings-maya-angelous-autobiography-1_378/index.html,2026-03-31T13:40:11.679589+00:00
Harry Potter and the Deathly Hallows (Harry Potter #7),Default,,23.32,£23.32,1,In stock (5 available),6c49258724f11770,0,Product Description,https://books.toscrape.com/catalogue/harry-potter-and-the-deathly-hallows-harry-potter-7_377/index.html,2026-03-31T13:40:14.269332+00:00
"Fruits Basket, Vol. 5 (Fruits Basket #5)",Sequential Art,,16.33,£16.33,1,In stock (5 available),3fd83dcf37bf1bc0,0,Product Description,https://books.toscrape.com/catalogue/fruits-basket-vol-5-fruits-basket-5_376/index.html,2026-03-31T13:40:15.985169+00:00
Foundation (Foundation (Publication Order) #1),Science Fiction,,32.42,£32.42,1,In stock (5 available),3fc124f59f3068e4,0,Product Description,https://books.toscrape.com/catalogue/foundation-foundation-publication-order-1_375/index.html,2026-03-31T13:40:17.611857+00:00
Fool Me Once,Default,,16.96,£16.96,1,In stock (5 available),630e766f0a1987dd,0,Product Description,https://books.toscrape.com/catalogue/fool-me-once_374/index.html,2026-03-31T13:40:19.300667+00:00
Find Her (Detective D.D. Warren #8),Add a comment,,22.37,£22.37,1,In stock (5 available),b28c7d07afa7063b,0,Product Description,https://books.toscrape.com/catalogue/find-her-detective-dd-warren-8_373/index.html,2026-03-31T13:40:20.891545+00:00
Evicted: Poverty and Profit in the American City,Add a comment,,42.27,£42.27,1,In stock (5 available),75cc85cdbe9ad46b,0,Product Description,https://books.toscrape.com/catalogue/evicted-poverty-and-profit-in-the-american-city_372/index.html,2026-03-31T13:40:22.711810+00:00
Drama,Default,,38.7,£38.70,2,In stock (5 available),d5ad4c92d8bf26c9,0,Product Description,https://books.toscrape.com/catalogue/drama_371/index.html,2026-03-31T13:40:24.392040+00:00
Dracula the Un-Dead,Horror,,35.63,£35.63,5,In stock (5 available),e46b1074b99ac4b6,0,Product Description,https://books.toscrape.com/catalogue/dracula-the-un-dead_370/index.html,2026-03-31T13:40:25.988369+00:00
Digital Fortress,Fiction,,58.0,£58.00,5,In stock (5 available),94bb629a3f6dd00b,0,Product Description,https://books.toscrape.com/catalogue/digital-fortress_369/index.html,2026-03-31T13:40:27.700493+00:00
"Death Note, Vol. 5: Whiteout (Death Note #5)",Sequential Art,,52.41,£52.41,1,In stock (5 available),1c0a38899c82b60a,0,Product Description,https://books.toscrape.com/catalogue/death-note-vol-5-whiteout-death-note-5_368/index.html,2026-03-31T13:40:29.403439+00:00
"Data, A Love Story: How I Gamed Online Dating to Meet My Match",Nonfiction,,32.35,£32.35,3,In stock (5 available),bcf567421c581f0a,0,Product Description,https://books.toscrape.com/catalogue/data-a-love-story-how-i-gamed-online-dating-to-meet-my-match_367/index.html,2026-03-31T13:40:31.013720+00:00
Critique of Pure Reason,Philosophy,,20.75,£20.75,1,In stock (5 available),429b4a811bef386c,0,Product Description,https://books.toscrape.com/catalogue/critique-of-pure-reason_366/index.html,2026-03-31T13:40:32.667982+00:00
Booked,Poetry,,17.49,£17.49,5,In stock (5 available),b54d7416bb445989,0,Product Description,https://books.toscrape.com/catalogue/booked_365/index.html,2026-03-31T13:40:34.282958+00:00
"Blue Lily, Lily Blue (The Raven Cycle #3)",Default,,34.13,£34.13,5,In stock (5 available),ad5e078beceaeb4a,0,Product Description,https://books.toscrape.com/catalogue/blue-lily-lily-blue-the-raven-cycle-3_364/index.html,2026-03-31T13:40:35.880859+00:00
Approval Junkie: Adventures in Caring Too Much,Autobiography,,58.81,£58.81,5,In stock (5 available),612369a5947a012e,0,Product Description,https://books.toscrape.com/catalogue/approval-junkie-adventures-in-caring-too-much_363/index.html,2026-03-31T13:40:37.437061+00:00
An Abundance of Katherines,Young Adult,,10.0,£10.00,5,In stock (5 available),f36d24c309e87e5b,0,Product Description,https://books.toscrape.com/catalogue/an-abundance-of-katherines_362/index.html,2026-03-31T13:40:39.039067+00:00
America's War for the Greater Middle East: A Military History,History,,51.22,£51.22,2,In stock (5 available),add33db6ff80db24,0,Product Description,https://books.toscrape.com/catalogue/americas-war-for-the-greater-middle-east-a-military-history_361/index.html,2026-03-31T13:40:40.605054+00:00
Alight (The Generations Trilogy #2),Default,,58.59,£58.59,4,In stock (5 available),d9290e99f189ce84,0,Product Description,https://books.toscrape.com/catalogue/alight-the-generations-trilogy-2_360/index.html,2026-03-31T13:40:44.025764+00:00
A Girl's Guide to Moving On (New Beginnings #2),Romance,,31.3,£31.30,1,In stock (5 available),cf3b86489890b9f2,0,Product Description,https://books.toscrape.com/catalogue/a-girls-guide-to-moving-on-new-beginnings-2_359/index.html,2026-03-31T13:40:45.631914+00:00
A Game of Thrones (A Song of Ice and Fire #1),Add a comment,,46.42,£46.42,2,In stock (5 available),03cbb67c0f990d87,0,Product Description,https://books.toscrape.com/catalogue/a-game-of-thrones-a-song-of-ice-and-fire-1_358/index.html,2026-03-31T13:40:47.304872+00:00
A Feast for Crows (A Song of Ice and Fire #4),Fantasy,,17.21,£17.21,4,In stock (5 available),f2c8f4b4c94d5c5c,0,Product Description,https://books.toscrape.com/catalogue/a-feast-for-crows-a-song-of-ice-and-fire-4_357/index.html,2026-03-31T13:40:48.897562+00:00
A Clash of Kings (A Song of Ice and Fire #2),Add a comment,,10.79,£10.79,3,In stock (5 available),89a89e76f3516357,0,Product Description,https://books.toscrape.com/catalogue/a-clash-of-kings-a-song-of-ice-and-fire-2_356/index.html,2026-03-31T13:40:50.446375+00:00
Vogue Colors A to Z: A Fashion Coloring Book,Default,,52.35,£52.35,4,In stock (4 available),a8f4577a48023344,0,Product Description,https://books.toscrape.com/catalogue/vogue-colors-a-to-z-a-fashion-coloring-book_355/index.html,2026-03-31T13:40:51.990326+00:00
The Shining (The Shining #1),Default,,27.88,£27.88,3,In stock (4 available),d4de23aa98acc65b,0,Product Description,https://books.toscrape.com/catalogue/the-shining-the-shining-1_354/index.html,2026-03-31T13:40:53.543440+00:00
The Pilgrim's Progress,Classics,,50.26,£50.26,2,In stock (4 available),6053ddf69c967d5f,0,Product Description,https://books.toscrape.com/catalogue/the-pilgrims-progress_353/index.html,2026-03-31T13:40:55.146311+00:00
The Perfect Play (Play by Play #1),Romance,,59.99,£59.99,3,In stock (4 available),9cc207168a03470d,0,Product Description,https://books.toscrape.com/catalogue/the-perfect-play-play-by-play-1_352/index.html,2026-03-31T13:40:56.728633+00:00
The Passion of Dolssa,Historical Fiction,,28.32,£28.32,5,In stock (4 available),011674f4a3834b8d,0,Product Description,https://books.toscrape.com/catalogue/the-passion-of-dolssa_351/index.html,2026-03-31T13:40:58.298697+00:00
The Jazz of Physics: The Secret Link Between Music and the Structure of the Universe,Nonfiction,,38.71,£38.71,3,In stock (4 available),6a57286a8890d8c5,0,Product Description,https://books.toscrape.com/catalogue/the-jazz-of-physics-the-secret-link-between-music-and-the-structure-of-the-universe_350/index.html,2026-03-31T13:40:59.914336+00:00
The Hunger Games (The Hunger Games #1),Default,,29.85,£29.85,5,In stock (4 available),6d2f70d9424f41a1,0,Product Description,https://books.toscrape.com/catalogue/the-hunger-games-the-hunger-games-1_349/index.html,2026-03-31T13:41:01.507147+00:00
The Hound of the Baskervilles (Sherlock Holmes #5),Classics,,14.82,£14.82,2,In stock (4 available),6587f46697fc4443,0,Product Description,https://books.toscrape.com/catalogue/the-hound-of-the-baskervilles-sherlock-holmes-5_348/index.html,2026-03-31T13:41:03.114467+00:00
The Gunning of America: Business and the Making of American Gun Culture,Nonfiction,,16.81,£16.81,4,In stock (4 available),45033bdf3d9ed158,0,Product Description,https://books.toscrape.com/catalogue/the-gunning-of-america-business-and-the-making-of-american-gun-culture_347/index.html,2026-03-31T13:41:04.675854+00:00
The Geography of Bliss: One Grump's Search for the Happiest Places in the World,Nonfiction,,28.23,£28.23,2,In stock (4 available),c65ee14957c0fa5c,0,Product Description,https://books.toscrape.com/catalogue/the-geography-of-bliss-one-grumps-search-for-the-happiest-places-in-the-world_346/index.html,2026-03-31T13:41:06.275306+00:00
The Demonists (Demonist #1),Fantasy,,52.11,£52.11,2,In stock (4 available),ff2dffba388d9922,0,Product Description,https://books.toscrape.com/catalogue/the-demonists-demonist-1_345/index.html,2026-03-31T13:41:07.938294+00:00
"The Demon Prince of Momochi House, Vol. 4 (The Demon Prince of Momochi House #4)",Sequential Art,,27.88,£27.88,2,In stock (4 available),df53c2948b32bde3,0,Product Description,https://books.toscrape.com/catalogue/the-demon-prince-of-momochi-house-vol-4-the-demon-prince-of-momochi-house-4_344/index.html,2026-03-31T13:41:09.528831+00:00
The Bone Hunters (Lexy Vaughan & Steven Macaulay #2),Thriller,,59.71,£59.71,3,In stock (4 available),9c4d061c1e2fe6bf,0,Product Description,https://books.toscrape.com/catalogue/the-bone-hunters-lexy-vaughan-steven-macaulay-2_343/index.html,2026-03-31T13:41:11.095781+00:00
The Beast (Black Dagger Brotherhood #14),Fantasy,,46.08,£46.08,5,In stock (4 available),8930013d06942df1,0,Product Description,https://books.toscrape.com/catalogue/the-beast-black-dagger-brotherhood-14_342/index.html,2026-03-31T13:41:12.685368+00:00
Some Women,Womens Fiction,,13.73,£13.73,5,In stock (4 available),31f5bbf4974d29c9,0,Product Description,https://books.toscrape.com/catalogue/some-women_341/index.html,2026-03-31T13:41:14.308402+00:00
Shopaholic Ties the Knot (Shopaholic #3),Womens Fiction,,48.39,£48.39,5,In stock (4 available),38199c5d7da0c0ef,0,Product Description,https://books.toscrape.com/catalogue/shopaholic-ties-the-knot-shopaholic-3_340/index.html,2026-03-31T13:41:17.591966+00:00
Paper and Fire (The Great Library #2),Fantasy,,49.45,£49.45,5,In stock (4 available),ae884ac655d6ee3e,0,Product Description,https://books.toscrape.com/catalogue/paper-and-fire-the-great-library-2_339/index.html,2026-03-31T13:41:19.224737+00:00
Outlander (Outlander #1),Default,,19.67,£19.67,5,In stock (4 available),5de4baa88061a77a,0,Product Description,https://books.toscrape.com/catalogue/outlander-outlander-1_338/index.html,2026-03-31T13:41:20.786505+00:00
"Orchestra of Exiles: The Story of Bronislaw Huberman, the Israel Philharmonic, and the One Thousand Jews He Saved from Nazi Horrors",Music,,12.36,£12.36,3,In stock (4 available),2ba5ccc84d35006c,0,Product Description,https://books.toscrape.com/catalogue/orchestra-of-exiles-the-story-of-bronislaw-huberman-the-israel-philharmonic-and-the-one-thousand-jews-he-saved-from-nazi-horrors_337/index.html,2026-03-31T13:41:22.411970+00:00
No One Here Gets Out Alive,Music,,20.02,£20.02,5,In stock (4 available),3a95f5a2df4ff921,0,Product Description,https://books.toscrape.com/catalogue/no-one-here-gets-out-alive_336/index.html,2026-03-31T13:41:24.047542+00:00
Night Shift (Night Shift #1-20),Horror,,12.75,£12.75,4,In stock (4 available),869d20b3b8128230,0,Product Description,https://books.toscrape.com/catalogue/night-shift-night-shift-1-20_335/index.html,2026-03-31T13:41:25.605611+00:00
Needful Things,Horror,,47.51,£47.51,4,In stock (4 available),70b585c9d0f15725,0,Product Description,https://books.toscrape.com/catalogue/needful-things_334/index.html,2026-03-31T13:41:27.231013+00:00
Mockingjay (The Hunger Games #3),Default,,20.44,£20.44,4,In stock (4 available),5212c6acea3359e5,0,Product Description,https://books.toscrape.com/catalogue/mockingjay-the-hunger-games-3_333/index.html,2026-03-31T13:41:28.877094+00:00
Misery,Horror,,34.79,£34.79,2,In stock (4 available),81d4191030b9704b,0,Product Description,https://books.toscrape.com/catalogue/misery_332/index.html,2026-03-31T13:41:30.509038+00:00
Little Women (Little Women #1),Classics,,28.07,£28.07,4,In stock (4 available),deda806b68b0aa11,0,Product Description,https://books.toscrape.com/catalogue/little-women-little-women-1_331/index.html,2026-03-31T13:41:32.129377+00:00
It,Horror,,25.01,£25.01,3,In stock (4 available),670a2773607d785d,0,Product Description,https://books.toscrape.com/catalogue/it_330/index.html,2026-03-31T13:41:33.764215+00:00
Harry Potter and the Sorcerer's Stone (Harry Potter #1),Default,,13.9,£13.90,3,In stock (4 available),ac337893a9fe0085,0,Product Description,https://books.toscrape.com/catalogue/harry-potter-and-the-sorcerers-stone-harry-potter-1_329/index.html,2026-03-31T13:41:35.370191+00:00
Harry Potter and the Prisoner of Azkaban (Harry Potter #3),Young Adult,,24.17,£24.17,4,In stock (4 available),eff24325e0ede639,0,Product Description,https://books.toscrape.com/catalogue/harry-potter-and-the-prisoner-of-azkaban-harry-potter-3_328/index.html,2026-03-31T13:41:36.990522+00:00
Harry Potter and the Order of the Phoenix (Harry Potter #5),Fantasy,,31.63,£31.63,4,In stock (4 available),5a6b7155f2797537,0,Product Description,https://books.toscrape.com/catalogue/harry-potter-and-the-order-of-the-phoenix-harry-potter-5_327/index.html,2026-03-31T13:41:38.589510+00:00
Harry Potter and the Half-Blood Prince (Harry Potter #6),Fantasy,,48.75,£48.75,5,In stock (4 available),73f4f87dd936ee5c,0,Product Description,https://books.toscrape.com/catalogue/harry-potter-and-the-half-blood-prince-harry-potter-6_326/index.html,2026-03-31T13:41:40.278791+00:00
Harry Potter and the Chamber of Secrets (Harry Potter #2),Fantasy,,14.74,£14.74,1,In stock (4 available),c7c4f55b7321cba7,0,Product Description,https://books.toscrape.com/catalogue/harry-potter-and-the-chamber-of-secrets-harry-potter-2_325/index.html,2026-03-31T13:41:41.884168+00:00
Gone with the Wind,Classics,,32.49,£32.49,3,In stock (4 available),23310ce84d3c9f85,0,Product Description,https://books.toscrape.com/catalogue/gone-with-the-wind_324/index.html,2026-03-31T13:41:43.496682+00:00
God Is Not Great: How Religion Poisons Everything,Nonfiction,,27.8,£27.80,1,In stock (4 available),ddbc5530d2939d49,0,Product Description,https://books.toscrape.com/catalogue/god-is-not-great-how-religion-poisons-everything_323/index.html,2026-03-31T13:41:45.044318+00:00
Girl With a Pearl Earring,Historical Fiction,,26.77,£26.77,1,In stock (4 available),5eff05e59f905a49,0,Product Description,https://books.toscrape.com/catalogue/girl-with-a-pearl-earring_322/index.html,2026-03-31T13:41:46.754230+00:00
"Fruits Basket, Vol. 4 (Fruits Basket #4)",Sequential Art,,50.44,£50.44,4,In stock (4 available),8fff1084aa085a13,0,Product Description,https://books.toscrape.com/catalogue/fruits-basket-vol-4-fruits-basket-4_321/index.html,2026-03-31T13:41:48.382890+00:00
Far From True (Promise Falls Trilogy #2),Thriller,,34.93,£34.93,2,In stock (4 available),ad15a9a139919918,0,Product Description,https://books.toscrape.com/catalogue/far-from-true-promise-falls-trilogy-2_320/index.html,2026-03-31T13:41:51.746095+00:00
Dark Lover (Black Dagger Brotherhood #1),Romance,,12.87,£12.87,1,In stock (4 available),2b69d289279aabfd,0,Product Description,https://books.toscrape.com/catalogue/dark-lover-black-dagger-brotherhood-1_319/index.html,2026-03-31T13:41:53.308182+00:00
Confessions of a Shopaholic (Shopaholic #1),Default,,48.94,£48.94,2,In stock (4 available),a2dc754afb69bb32,0,Product Description,https://books.toscrape.com/catalogue/confessions-of-a-shopaholic-shopaholic-1_318/index.html,2026-03-31T13:41:55.156160+00:00
Changing the Game (Play by Play #2),Romance,,13.38,£13.38,3,In stock (4 available),aaebac5fda798b1b,0,Product Description,https://books.toscrape.com/catalogue/changing-the-game-play-by-play-2_317/index.html,2026-03-31T13:41:56.895621+00:00
Candide,Classics,,58.63,£58.63,3,In stock (4 available),2798974abc8a58a8,0,Product Description,https://books.toscrape.com/catalogue/candide_316/index.html,2026-03-31T13:41:58.562617+00:00
Can You Keep a Secret?,Womens Fiction,,21.94,£21.94,1,In stock (4 available),0812f54c93d726ce,0,Product Description,https://books.toscrape.com/catalogue/can-you-keep-a-secret_315/index.html,2026-03-31T13:42:00.211270+00:00
Atlas Shrugged,Fiction,,26.58,£26.58,5,In stock (4 available),78a4ac98191ac675,0,Product Description,https://books.toscrape.com/catalogue/atlas-shrugged_314/index.html,2026-03-31T13:42:01.837804+00:00
Animal Farm,Classics,,57.22,£57.22,3,In stock (4 available),1451b55e5e56bb89,0,Product Description,https://books.toscrape.com/catalogue/animal-farm_313/index.html,2026-03-31T13:42:03.413640+00:00
A Walk to Remember,Romance,,56.43,£56.43,1,In stock (4 available),aead11697d14ea36,0,Product Description,https://books.toscrape.com/catalogue/a-walk-to-remember_312/index.html,2026-03-31T13:42:05.057881+00:00
A New Earth: Awakening to Your Life's Purpose,Spirituality,,55.65,£55.65,5,In stock (4 available),f6ae39568db1130e,0,Product Description,https://books.toscrape.com/catalogue/a-new-earth-awakening-to-your-lifes-purpose_311/index.html,2026-03-31T13:42:06.633291+00:00
"A History of God: The 4,000-Year Quest of Judaism, Christianity, and Islam",Religion,,27.62,£27.62,1,In stock (4 available),d12ca4020c2f602e,0,Product Description,https://books.toscrape.com/catalogue/a-history-of-god-the-4000-year-quest-of-judaism-christianity-and-islam_310/index.html,2026-03-31T13:42:08.314747+00:00
'Salem's Lot,Horror,,49.56,£49.56,4,In stock (4 available),6e9403f00acd6752,0,Product Description,https://books.toscrape.com/catalogue/salems-lot_309/index.html,2026-03-31T13:42:09.906550+00:00
Zero History (Blue Ant #3),Default,,34.77,£34.77,1,In stock (3 available),634b7165c96ebb9f,0,Product Description,https://books.toscrape.com/catalogue/zero-history-blue-ant-3_308/index.html,2026-03-31T13:42:11.474321+00:00
Wuthering Heights,Classics,,17.73,£17.73,3,In stock (3 available),5a7ff9aaa3168878,0,Product Description,https://books.toscrape.com/catalogue/wuthering-heights_307/index.html,2026-03-31T13:42:13.345043+00:00
World War Z: An Oral History of the Zombie War,Default,,21.8,£21.80,1,In stock (3 available),5d55202da0252627,0,Product Description,https://books.toscrape.com/catalogue/world-war-z-an-oral-history-of-the-zombie-war_306/index.html,2026-03-31T13:42:15.018757+00:00
Wild: From Lost to Found on the Pacific Crest Trail,Default,,46.02,£46.02,3,In stock (3 available),d30b9215c72cca87,0,Product Description,https://books.toscrape.com/catalogue/wild-from-lost-to-found-on-the-pacific-crest-trail_305/index.html,2026-03-31T13:42:16.595431+00:00
"Where'd You Go, Bernadette",Default,,18.13,£18.13,1,In stock (3 available),07bb35158d9dd3d2,0,Product Description,https://books.toscrape.com/catalogue/whered-you-go-bernadette_304/index.html,2026-03-31T13:42:18.272060+00:00
When You Are Engulfed in Flames,Humor,,30.89,£30.89,5,In stock (3 available),dab0196cd5fc8e5e,0,Product Description,https://books.toscrape.com/catalogue/when-you-are-engulfed-in-flames_303/index.html,2026-03-31T13:42:19.908405+00:00
We the People: The Modern-Day Figures Who Have Reshaped and Affirmed the Founding Fathers' Vision of America,Nonfiction,,31.95,£31.95,3,In stock (3 available),06bab964fd536971,0,Product Description,https://books.toscrape.com/catalogue/we-the-people-the-modern-day-figures-who-have-reshaped-and-affirmed-the-founding-fathers-vision-of-america_302/index.html,2026-03-31T13:42:21.610424+00:00
We Are All Completely Beside Ourselves,Contemporary,,24.04,£24.04,1,In stock (3 available),be3db344a845580b,0,Product Description,https://books.toscrape.com/catalogue/we-are-all-completely-beside-ourselves_301/index.html,2026-03-31T13:42:23.206479+00:00
Walk the Edge (Thunder Road #2),Young Adult,,32.36,£32.36,3,In stock (3 available),0e4e2d31c2fb3aad,0,Product Description,https://books.toscrape.com/catalogue/walk-the-edge-thunder-road-2_300/index.html,2026-03-31T13:42:26.693202+00:00
Voyager (Outlander #3),Historical Fiction,,21.07,£21.07,5,In stock (3 available),7feac4000cbc5859,0,Product Description,https://books.toscrape.com/catalogue/voyager-outlander-3_299/index.html,2026-03-31T13:42:28.335886+00:00
Very Good Lives: The Fringe Benefits of Failure and the Importance of Imagination,Nonfiction,,50.66,£50.66,3,In stock (3 available),52aa3d79b1cee455,0,Product Description,https://books.toscrape.com/catalogue/very-good-lives-the-fringe-benefits-of-failure-and-the-importance-of-imagination_298/index.html,2026-03-31T13:42:29.988184+00:00
Vegan Vegetarian Omnivore: Dinner for Everyone at the Table,Food and Drink,,13.66,£13.66,2,In stock (3 available),4672d10b9b1e7a05,0,Product Description,https://books.toscrape.com/catalogue/vegan-vegetarian-omnivore-dinner-for-everyone-at-the-table_297/index.html,2026-03-31T13:42:31.714298+00:00
"Unstuffed: Decluttering Your Home, Mind, and Soul",Nonfiction,,58.09,£58.09,1,In stock (3 available),b830685072fa871f,0,Product Description,https://books.toscrape.com/catalogue/unstuffed-decluttering-your-home-mind-and-soul_296/index.html,2026-03-31T13:42:33.439422+00:00
Under the Banner of Heaven: A Story of Violent Faith,Nonfiction,,30.0,£30.00,1,In stock (3 available),599a4f98bb193368,0,Product Description,https://books.toscrape.com/catalogue/under-the-banner-of-heaven-a-story-of-violent-faith_295/index.html,2026-03-31T13:42:35.116792+00:00
Two Boys Kissing,Young Adult,,32.74,£32.74,2,In stock (3 available),61bc8167c9680283,0,Product Description,https://books.toscrape.com/catalogue/two-boys-kissing_294/index.html,2026-03-31T13:42:36.740548+00:00
Twilight (Twilight #1),Default,,41.93,£41.93,2,In stock (3 available),b53078de0147f6bf,0,Product Description,https://books.toscrape.com/catalogue/twilight-twilight-1_293/index.html,2026-03-31T13:42:38.290432+00:00
Twenties Girl,Womens Fiction,,42.8,£42.80,2,In stock (3 available),8ebad30219b8679c,0,Product Description,https://books.toscrape.com/catalogue/twenties-girl_292/index.html,2026-03-31T13:42:39.916012+00:00
"Trespassing Across America: One Man's Epic, Never-Done-Before (and Sort of Illegal) Hike Across the Heartland",Nonfiction,,53.51,£53.51,1,In stock (3 available),2173a2ce35f6ace1,0,Product Description,https://books.toscrape.com/catalogue/trespassing-across-america-one-mans-epic-never-done-before-and-sort-of-illegal-hike-across-the-heartland_291/index.html,2026-03-31T13:42:41.507353+00:00
Three-Martini Lunch,Fiction,,23.21,£23.21,3,In stock (3 available),57f755143ee96fd4,0,Product Description,https://books.toscrape.com/catalogue/three-martini-lunch_290/index.html,2026-03-31T13:42:43.128254+00:00
"Thinking, Fast and Slow",Psychology,,21.14,£21.14,1,In stock (3 available),719d72f3ee512dc6,0,Product Description,https://books.toscrape.com/catalogue/thinking-fast-and-slow_289/index.html,2026-03-31T13:42:44.718347+00:00
The Wild Robot,Childrens,,56.07,£56.07,3,In stock (3 available),75fed6a47f69859d,0,Product Description,https://books.toscrape.com/catalogue/the-wild-robot_288/index.html,2026-03-31T13:42:46.378034+00:00
"The Wicked + The Divine, Vol. 3: Commercial Suicide (The Wicked + The Divine)",Sequential Art,,14.41,£14.41,3,In stock (3 available),a33ed2e6068df53e,0,Product Description,https://books.toscrape.com/catalogue/the-wicked-the-divine-vol-3-commercial-suicide-the-wicked-the-divine_287/index.html,2026-03-31T13:42:48.112551+00:00
The Undomestic Goddess,Womens Fiction,,45.75,£45.75,4,In stock (3 available),813cff2aefa5d1f0,0,Product Description,https://books.toscrape.com/catalogue/the-undomestic-goddess_286/index.html,2026-03-31T13:42:49.680008+00:00
The Travelers,Thriller,,15.77,£15.77,1,In stock (3 available),2b685187f55c5d31,0,Product Description,https://books.toscrape.com/catalogue/the-travelers_285/index.html,2026-03-31T13:42:51.519760+00:00
The Tipping Point: How Little Things Can Make a Big Difference,Add a comment,,10.02,£10.02,2,In stock (3 available),224fa77d4b248046,0,Product Description,https://books.toscrape.com/catalogue/the-tipping-point-how-little-things-can-make-a-big-difference_284/index.html,2026-03-31T13:42:53.162685+00:00
The Thing About Jellyfish,Childrens,,48.77,£48.77,1,In stock (3 available),3d15714d4d3d15dd,0,Product Description,https://books.toscrape.com/catalogue/the-thing-about-jellyfish_283/index.html,2026-03-31T13:42:54.782599+00:00
The Stand,Horror,,57.86,£57.86,2,In stock (3 available),49f24193f0b961e6,0,Product Description,https://books.toscrape.com/catalogue/the-stand_282/index.html,2026-03-31T13:42:56.438687+00:00
The Smitten Kitchen Cookbook,Food and Drink,,23.59,£23.59,1,In stock (3 available),742702d662a71410,0,Product Description,https://books.toscrape.com/catalogue/the-smitten-kitchen-cookbook_281/index.html,2026-03-31T13:42:58.046727+00:00
The Silkworm (Cormoran Strike #2),Mystery,,23.05,£23.05,5,In stock (3 available),f06039c29b5891fa,0,Product Description,https://books.toscrape.com/catalogue/the-silkworm-cormoran-strike-2_280/index.html,2026-03-31T13:43:01.553841+00:00
"The Sandman, Vol. 3: Dream Country (The Sandman (volumes) #3)",Sequential Art,,55.55,£55.55,5,In stock (3 available),91eb9605998a7c03,0,Product Description,https://books.toscrape.com/catalogue/the-sandman-vol-3-dream-country-the-sandman-volumes-3_279/index.html,2026-03-31T13:43:03.147847+00:00
The Rose & the Dagger (The Wrath and the Dawn #2),Fantasy,,58.64,£58.64,4,In stock (3 available),322a9e34d87f54b1,0,Product Description,https://books.toscrape.com/catalogue/the-rose-the-dagger-the-wrath-and-the-dawn-2_278/index.html,2026-03-31T13:43:04.696367+00:00
The Road to Little Dribbling: Adventures of an American in Britain (Notes From a Small Island #2),Travel,,23.21,£23.21,1,In stock (3 available),366a236aa1ea6f07,0,Product Description,https://books.toscrape.com/catalogue/the-road-to-little-dribbling-adventures-of-an-american-in-britain-notes-from-a-small-island-2_277/index.html,2026-03-31T13:43:06.307762+00:00
The Rise of Theodore Roosevelt (Theodore Roosevelt #1),Biography,,42.57,£42.57,3,In stock (3 available),1a5044d233936b1a,0,Product Description,https://books.toscrape.com/catalogue/the-rise-of-theodore-roosevelt-theodore-roosevelt-1_276/index.html,2026-03-31T13:43:07.949459+00:00
The Restaurant at the End of the Universe (Hitchhiker's Guide to the Galaxy #2),Science Fiction,,10.92,£10.92,1,In stock (3 available),0e92ccf1bd39e68f,0,Product Description,https://books.toscrape.com/catalogue/the-restaurant-at-the-end-of-the-universe-hitchhikers-guide-to-the-galaxy-2_275/index.html,2026-03-31T13:43:09.507572+00:00
The Rest Is Noise: Listening to the Twentieth Century,Add a comment,,34.77,£34.77,1,In stock (3 available),e2d47e82c50d41d9,0,Product Description,https://books.toscrape.com/catalogue/the-rest-is-noise-listening-to-the-twentieth-century_274/index.html,2026-03-31T13:43:11.038667+00:00
The Red Tent,Historical Fiction,,35.66,£35.66,5,In stock (3 available),3c456328b04a8ee8,0,Product Description,https://books.toscrape.com/catalogue/the-red-tent_273/index.html,2026-03-31T13:43:12.713721+00:00
The Purpose Driven Life: What on Earth Am I Here for?,Add a comment,,37.19,£37.19,3,In stock (3 available),0e7beedf0ee9380c,0,Product Description,https://books.toscrape.com/catalogue/the-purpose-driven-life-what-on-earth-am-i-here-for_272/index.html,2026-03-31T13:43:14.375779+00:00
The Purest Hook (Second Circle Tattoos #3),Romance,,12.25,£12.25,1,In stock (3 available),969f6c7e86554814,0,Product Description,https://books.toscrape.com/catalogue/the-purest-hook-second-circle-tattoos-3_271/index.html,2026-03-31T13:43:16.062424+00:00
The Picture of Dorian Gray,Classics,,29.7,£29.70,2,In stock (3 available),b9f6305a3d650e2c,0,Product Description,https://books.toscrape.com/catalogue/the-picture-of-dorian-gray_270/index.html,2026-03-31T13:43:17.612502+00:00
The Paris Wife,Default,,36.8,£36.80,3,In stock (3 available),fa26798728f5208f,0,Product Description,https://books.toscrape.com/catalogue/the-paris-wife_269/index.html,2026-03-31T13:43:19.261503+00:00
The Obsession,Romance,,45.43,£45.43,1,In stock (3 available),ee441c8e027caa66,0,Product Description,https://books.toscrape.com/catalogue/the-obsession_268/index.html,2026-03-31T13:43:20.834547+00:00
The Nightingale,Fiction,,26.26,£26.26,4,In stock (3 available),29d6d87f3418638b,0,Product Description,https://books.toscrape.com/catalogue/the-nightingale_267/index.html,2026-03-31T13:43:22.543322+00:00
The New Guy (and Other Senior Year Distractions),Young Adult,,44.92,£44.92,3,In stock (3 available),3e42ac0f4d43320f,0,Product Description,https://books.toscrape.com/catalogue/the-new-guy-and-other-senior-year-distractions_266/index.html,2026-03-31T13:43:24.117168+00:00
The Nanny Diaries (Nanny #1),Womens Fiction,,52.53,£52.53,5,In stock (3 available),6263c1d2997b8ce0,0,Product Description,https://books.toscrape.com/catalogue/the-nanny-diaries-nanny-1_265/index.html,2026-03-31T13:43:25.697304+00:00
The Name of God is Mercy,Nonfiction,,37.25,£37.25,2,In stock (3 available),0baf71623648413a,0,Product Description,https://books.toscrape.com/catalogue/the-name-of-god-is-mercy_264/index.html,2026-03-31T13:43:27.289292+00:00
The Maze Runner (The Maze Runner #1),Default,,20.93,£20.93,1,In stock (3 available),4266f48a0aa1c37d,0,Product Description,https://books.toscrape.com/catalogue/the-maze-runner-the-maze-runner-1_263/index.html,2026-03-31T13:43:28.946118+00:00
The Lover's Dictionary,Default,,58.09,£58.09,2,In stock (3 available),36c15687f5ab0f7c,0,Product Description,https://books.toscrape.com/catalogue/the-lovers-dictionary_262/index.html,2026-03-31T13:43:30.656407+00:00
The Lonely Ones,Childrens,,43.59,£43.59,5,In stock (3 available),cf2f27fdf94ba20e,0,Product Description,https://books.toscrape.com/catalogue/the-lonely-ones_261/index.html,2026-03-31T13:43:32.244003+00:00
The Lean Startup: How Today's Entrepreneurs Use Continuous Innovation to Create Radically Successful Businesses,Business,,33.92,£33.92,3,In stock (3 available),70c7c3ca7f9b2728,0,Product Description,https://books.toscrape.com/catalogue/the-lean-startup-how-todays-entrepreneurs-use-continuous-innovation-to-create-radically-successful-businesses_260/index.html,2026-03-31T13:43:35.539255+00:00
The Last Painting of Sara de Vos,Historical Fiction,,55.55,£55.55,2,In stock (3 available),476c7972e9b41891,0,Product Description,https://books.toscrape.com/catalogue/the-last-painting-of-sara-de-vos_259/index.html,2026-03-31T13:43:37.156057+00:00
"The Land of 10,000 Madonnas",Young Adult,,29.64,£29.64,4,In stock (3 available),35e69a79d2b1e804,0,Product Description,https://books.toscrape.com/catalogue/the-land-of-10000-madonnas_258/index.html,2026-03-31T13:43:38.692383+00:00
The Infinities,Fiction,,27.41,£27.41,1,In stock (3 available),554e9e2d532b3a87,0,Product Description,https://books.toscrape.com/catalogue/the-infinities_257/index.html,2026-03-31T13:43:40.253828+00:00
The Husband's Secret,Fiction,,52.51,£52.51,5,In stock (3 available),ff6bb30dd0c482a6,0,Product Description,https://books.toscrape.com/catalogue/the-husbands-secret_256/index.html,2026-03-31T13:43:41.999039+00:00
The Hitchhiker's Guide to the Galaxy (Hitchhiker's Guide to the Galaxy #1),Add a comment,,47.8,£47.80,3,In stock (3 available),a8b0ea6490bc818f,0,Product Description,https://books.toscrape.com/catalogue/the-hitchhikers-guide-to-the-galaxy-hitchhikers-guide-to-the-galaxy-1_255/index.html,2026-03-31T13:43:43.537415+00:00
The Guns of August,History,,14.54,£14.54,2,In stock (3 available),b5da59dd177eb36b,0,Product Description,https://books.toscrape.com/catalogue/the-guns-of-august_254/index.html,2026-03-31T13:43:45.075066+00:00
The Guernsey Literary and Potato Peel Pie Society,Historical Fiction,,49.53,£49.53,1,In stock (3 available),4a0a276409968a73,0,Product Description,https://books.toscrape.com/catalogue/the-guernsey-literary-and-potato-peel-pie-society_253/index.html,2026-03-31T13:43:46.637868+00:00
The Goldfinch,Default,,43.58,£43.58,3,In stock (3 available),c88422d8959260ab,0,Product Description,https://books.toscrape.com/catalogue/the-goldfinch_252/index.html,2026-03-31T13:43:48.228917+00:00
The Giver (The Giver Quartet #1),Default,,12.3,£12.30,1,In stock (3 available),e2dac1f4739e0bd5,0,Product Description,https://books.toscrape.com/catalogue/the-giver-the-giver-quartet-1_251/index.html,2026-03-31T13:43:49.839851+00:00
The Girl with All the Gifts,Horror,,49.47,£49.47,3,In stock (3 available),92dcc54a27107a37,0,Product Description,https://books.toscrape.com/catalogue/the-girl-with-all-the-gifts_250/index.html,2026-03-31T13:43:51.407697+00:00
The Girl Who Played with Fire (Millennium Trilogy #2),Default,,22.14,£22.14,2,In stock (3 available),bfa9cb304075d3e8,0,Product Description,https://books.toscrape.com/catalogue/the-girl-who-played-with-fire-millennium-trilogy-2_249/index.html,2026-03-31T13:43:52.976146+00:00
The Girl Who Kicked the Hornet's Nest (Millennium Trilogy #3),Add a comment,,57.48,£57.48,1,In stock (3 available),8f5d16a5a9bd58b2,0,Product Description,https://books.toscrape.com/catalogue/the-girl-who-kicked-the-hornets-nest-millennium-trilogy-3_248/index.html,2026-03-31T13:43:54.615870+00:00
The Exiled,Mystery,,43.45,£43.45,3,In stock (3 available),dd003e904727281a,0,Product Description,https://books.toscrape.com/catalogue/the-exiled_247/index.html,2026-03-31T13:43:56.197272+00:00
"The End of Faith: Religion, Terror, and the Future of Reason",Add a comment,,22.13,£22.13,4,In stock (3 available),b3f2bc2cefb35f05,0,Product Description,https://books.toscrape.com/catalogue/the-end-of-faith-religion-terror-and-the-future-of-reason_246/index.html,2026-03-31T13:43:57.768544+00:00
"The Elegant Universe: Superstrings, Hidden Dimensions, and the Quest for the Ultimate Theory",Science,,13.03,£13.03,4,In stock (3 available),c6bf14cb901c63ac,0,Product Description,https://books.toscrape.com/catalogue/the-elegant-universe-superstrings-hidden-dimensions-and-the-quest-for-the-ultimate-theory_245/index.html,2026-03-31T13:43:59.416494+00:00
"The Disappearing Spoon: And Other True Tales of Madness, Love, and the History of the World from the Periodic Table of the Elements",Science,,57.35,£57.35,5,In stock (3 available),63c0826ef59eae66,0,Product Description,https://books.toscrape.com/catalogue/the-disappearing-spoon-and-other-true-tales-of-madness-love-and-the-history-of-the-world-from-the-periodic-table-of-the-elements_244/index.html,2026-03-31T13:44:01.013771+00:00
The Devil Wears Prada (The Devil Wears Prada #1),Womens Fiction,,44.29,£44.29,1,In stock (3 available),a6ab0cb7106a67f2,0,Product Description,https://books.toscrape.com/catalogue/the-devil-wears-prada-the-devil-wears-prada-1_243/index.html,2026-03-31T13:44:02.726745+00:00
The Demon-Haunted World: Science as a Candle in the Dark,Default,,52.25,£52.25,4,In stock (3 available),f51062bf579507d9,0,Product Description,https://books.toscrape.com/catalogue/the-demon-haunted-world-science-as-a-candle-in-the-dark_242/index.html,2026-03-31T13:44:04.340307+00:00
The Day the Crayons Came Home (Crayons),Childrens,,26.33,£26.33,5,In stock (3 available),b22362b434e8ee62,0,Product Description,https://books.toscrape.com/catalogue/the-day-the-crayons-came-home-crayons_241/index.html,2026-03-31T13:44:06.025299+00:00
The Da Vinci Code (Robert Langdon #2),Fiction,,22.96,£22.96,2,In stock (3 available),dabf11918b48b40c,0,Product Description,https://books.toscrape.com/catalogue/the-da-vinci-code-robert-langdon-2_240/index.html,2026-03-31T13:44:09.429634+00:00
The Cuckoo's Calling (Cormoran Strike #1),Mystery,,19.21,£19.21,1,In stock (3 available),1be6d3b121865edb,0,Product Description,https://books.toscrape.com/catalogue/the-cuckoos-calling-cormoran-strike-1_239/index.html,2026-03-31T13:44:11.000585+00:00
The Complete Stories and Poems (The Works of Edgar Allan Poe [Cameo Edition]),Classics,,26.78,£26.78,4,In stock (3 available),cad70d6ffd53912f,0,Product Description,https://books.toscrape.com/catalogue/the-complete-stories-and-poems-the-works-of-edgar-allan-poe-cameo-edition_238/index.html,2026-03-31T13:44:12.564078+00:00
The Complete Poems,Add a comment,,41.32,£41.32,5,In stock (3 available),23707d3ddf14a999,0,Product Description,https://books.toscrape.com/catalogue/the-complete-poems_237/index.html,2026-03-31T13:44:14.107660+00:00
The Catcher in the Rye,Add a comment,,24.55,£24.55,1,In stock (3 available),487449f4f6322f0f,0,Product Description,https://books.toscrape.com/catalogue/the-catcher-in-the-rye_236/index.html,2026-03-31T13:44:15.659332+00:00
The Cat in the Hat (Beginner Books B-1),Childrens,,16.26,£16.26,2,In stock (3 available),b7f475238ed50429,0,Product Description,https://books.toscrape.com/catalogue/the-cat-in-the-hat-beginner-books-b-1_235/index.html,2026-03-31T13:44:17.241661+00:00
The Case for Christ (Cases for Christianity),Add a comment,,47.84,£47.84,1,In stock (3 available),970bd3316219e7dc,0,Product Description,https://books.toscrape.com/catalogue/the-case-for-christ-cases-for-christianity_234/index.html,2026-03-31T13:44:18.807118+00:00
The Book Thief,Default,,53.49,£53.49,2,In stock (3 available),a75e274c8814b539,0,Product Description,https://books.toscrape.com/catalogue/the-book-thief_233/index.html,2026-03-31T13:44:20.374638+00:00
The Book of Basketball: The NBA According to The Sports Guy,Sports and Games,,44.84,£44.84,5,In stock (3 available),08decd9664e5d56e,0,Product Description,https://books.toscrape.com/catalogue/the-book-of-basketball-the-nba-according-to-the-sports-guy_232/index.html,2026-03-31T13:44:21.919925+00:00
The Blind Side: Evolution of a Game,Add a comment,,53.71,£53.71,5,In stock (3 available),cd3dcd83bb002e78,0,Product Description,https://books.toscrape.com/catalogue/the-blind-side-evolution-of-a-game_231/index.html,2026-03-31T13:44:23.474001+00:00
The Autobiography of Malcolm X,Default,,23.43,£23.43,2,In stock (3 available),b04a6a0db525857d,0,Product Description,https://books.toscrape.com/catalogue/the-autobiography-of-malcolm-x_230/index.html,2026-03-31T13:44:25.081615+00:00
"The Art of Simple Food: Notes, Lessons, and Recipes from a Delicious Revolution",Food and Drink,,34.32,£34.32,3,In stock (3 available),311634df10651e05,0,Product Description,https://books.toscrape.com/catalogue/the-art-of-simple-food-notes-lessons-and-recipes-from-a-delicious-revolution_229/index.html,2026-03-31T13:44:26.626352+00:00
The Art of Fielding,Fiction,,22.1,£22.10,1,In stock (3 available),2858ac90c4758e1f,0,Product Description,https://books.toscrape.com/catalogue/the-art-of-fielding_228/index.html,2026-03-31T13:44:28.164856+00:00
"Surely You're Joking, Mr. Feynman!: Adventures of a Curious Character",Science,,25.83,£25.83,2,In stock (3 available),61002f3b7ba5d780,0,Product Description,https://books.toscrape.com/catalogue/surely-youre-joking-mr-feynman-adventures-of-a-curious-character_227/index.html,2026-03-31T13:44:29.746159+00:00
Stiff: The Curious Lives of Human Cadavers,Nonfiction,,36.74,£36.74,3,In stock (3 available),a11ae5f07572ef49,0,Product Description,https://books.toscrape.com/catalogue/stiff-the-curious-lives-of-human-cadavers_226/index.html,2026-03-31T13:44:31.306376+00:00
Spilled Milk: Based on a True Story,Nonfiction,,49.51,£49.51,1,In stock (3 available),f08667e4c0458f37,0,Product Description,https://books.toscrape.com/catalogue/spilled-milk-based-on-a-true-story_225/index.html,2026-03-31T13:44:32.883503+00:00
Something Borrowed (Darcy & Rachel #1),Womens Fiction,,48.96,£48.96,5,In stock (3 available),ac27ab4bcd9c492e,0,Product Description,https://books.toscrape.com/catalogue/something-borrowed-darcy-rachel-1_224/index.html,2026-03-31T13:44:34.480492+00:00
Something Blue (Darcy & Rachel #2),Womens Fiction,,54.62,£54.62,1,In stock (3 available),3fc9d51d1c4d6ba7,0,Product Description,https://books.toscrape.com/catalogue/something-blue-darcy-rachel-2_223/index.html,2026-03-31T13:44:36.021521+00:00
Soldier (Talon #3),Fantasy,,24.72,£24.72,2,In stock (3 available),feaaae90514eb2ac,0,Product Description,https://books.toscrape.com/catalogue/soldier-talon-3_222/index.html,2026-03-31T13:44:37.562703+00:00
Shopaholic & Baby (Shopaholic #5),Default,,46.45,£46.45,2,In stock (3 available),c57d3c96af23c297,0,Product Description,https://books.toscrape.com/catalogue/shopaholic-baby-shopaholic-5_221/index.html,2026-03-31T13:44:39.107873+00:00
Seven Days in the Art World,Add a comment,,52.33,£52.33,2,In stock (3 available),07806456878931bc,0,Product Description,https://books.toscrape.com/catalogue/seven-days-in-the-art-world_220/index.html,2026-03-31T13:44:42.398475+00:00
Seven Brief Lessons on Physics,Science,,30.6,£30.60,4,In stock (3 available),281a244ce1954711,0,Product Description,https://books.toscrape.com/catalogue/seven-brief-lessons-on-physics_219/index.html,2026-03-31T13:44:43.974170+00:00
Scarlet (The Lunar Chronicles #2),Young Adult,,14.57,£14.57,4,In stock (3 available),510832818edb6fbc,0,Product Description,https://books.toscrape.com/catalogue/scarlet-the-lunar-chronicles-2_218/index.html,2026-03-31T13:44:45.513902+00:00
Sarah's Key,Add a comment,,46.29,£46.29,1,In stock (3 available),5b2cd5b31a510848,0,Product Description,https://books.toscrape.com/catalogue/sarahs-key_217/index.html,2026-03-31T13:44:47.097678+00:00
"Saga, Volume 3 (Saga (Collected Editions) #3)",Sequential Art,,21.57,£21.57,5,In stock (3 available),7b870bf85d01c2dc,0,Product Description,https://books.toscrape.com/catalogue/saga-volume-3-saga-collected-editions-3_216/index.html,2026-03-31T13:44:48.702479+00:00
Running with Scissors,Autobiography,,12.91,£12.91,4,In stock (3 available),28921443f052bea6,0,Product Description,https://books.toscrape.com/catalogue/running-with-scissors_215/index.html,2026-03-31T13:44:50.253053+00:00
Rogue Lawyer (Rogue Lawyer #1),Add a comment,,50.11,£50.11,3,In stock (3 available),b4f5672f68ec3a83,0,Product Description,https://books.toscrape.com/catalogue/rogue-lawyer-rogue-lawyer-1_214/index.html,2026-03-31T13:44:51.786076+00:00
"Rise of the Rocket Girls: The Women Who Propelled Us, from Missiles to the Moon to Mars",Nonfiction,,41.67,£41.67,4,In stock (3 available),89cad3f37c9ce226,0,Product Description,https://books.toscrape.com/catalogue/rise-of-the-rocket-girls-the-women-who-propelled-us-from-missiles-to-the-moon-to-mars_213/index.html,2026-03-31T13:44:53.336081+00:00
Rework,Business,,44.88,£44.88,2,In stock (3 available),8e9dd8431170c09e,0,Product Description,https://books.toscrape.com/catalogue/rework_212/index.html,2026-03-31T13:44:54.945968+00:00
Reservations for Two,Romance,,11.1,£11.10,3,In stock (3 available),ecdf73ee66c33b17,0,Product Description,https://books.toscrape.com/catalogue/reservations-for-two_211/index.html,2026-03-31T13:44:56.496495+00:00
Red: The True Story of Red Riding Hood,Childrens,,28.54,£28.54,3,In stock (3 available),4c8ece50736f9e88,0,Product Description,https://books.toscrape.com/catalogue/red-the-true-story-of-red-riding-hood_210/index.html,2026-03-31T13:44:58.054441+00:00
Ready Player One,Science Fiction,,19.07,£19.07,4,In stock (3 available),2ef5dc7e278e562a,0,Product Description,https://books.toscrape.com/catalogue/ready-player-one_209/index.html,2026-03-31T13:44:59.655235+00:00
Quiet: The Power of Introverts in a World That Can't Stop Talking,Default,,43.55,£43.55,1,In stock (3 available),3c565df219ba3274,0,Product Description,https://books.toscrape.com/catalogue/quiet-the-power-of-introverts-in-a-world-that-cant-stop-talking_208/index.html,2026-03-31T13:45:01.226190+00:00
Prodigy: The Graphic Novel (Legend: The Graphic Novel #2),Sequential Art,,43.63,£43.63,3,In stock (3 available),9707989a439757b4,0,Product Description,https://books.toscrape.com/catalogue/prodigy-the-graphic-novel-legend-the-graphic-novel-2_207/index.html,2026-03-31T13:45:02.772140+00:00
Persepolis: The Story of a Childhood (Persepolis #1-2),Sequential Art,,39.13,£39.13,1,In stock (3 available),cb62418129b864a3,0,Product Description,https://books.toscrape.com/catalogue/persepolis-the-story-of-a-childhood-persepolis-1-2_206/index.html,2026-03-31T13:45:04.312476+00:00
Packing for Mars: The Curious Science of Life in the Void,Default,,56.68,£56.68,2,In stock (3 available),8e2dfd6bcf48e1e6,0,Product Description,https://books.toscrape.com/catalogue/packing-for-mars-the-curious-science-of-life-in-the-void_205/index.html,2026-03-31T13:45:05.868875+00:00
Outliers: The Story of Success,Nonfiction,,14.16,£14.16,1,In stock (3 available),09a7b0b566ad6225,0,Product Description,https://books.toscrape.com/catalogue/outliers-the-story-of-success_204/index.html,2026-03-31T13:45:07.554946+00:00
Original Fake,Sequential Art,,31.45,£31.45,3,In stock (3 available),c59283b05905c853,0,Product Description,https://books.toscrape.com/catalogue/original-fake_203/index.html,2026-03-31T13:45:09.096120+00:00
Orange Is the New Black,Default,,24.61,£24.61,2,In stock (3 available),8378c899988905ee,0,Product Description,https://books.toscrape.com/catalogue/orange-is-the-new-black_202/index.html,2026-03-31T13:45:10.627569+00:00
One for the Money (Stephanie Plum #1),Default,,32.87,£32.87,2,In stock (3 available),3250650a5c4e6f07,0,Product Description,https://books.toscrape.com/catalogue/one-for-the-money-stephanie-plum-1_201/index.html,2026-03-31T13:45:12.229947+00:00
Notes from a Small Island (Notes From a Small Island #1),Nonfiction,,40.17,£40.17,1,In stock (3 available),cb65e49993db9a93,0,Product Description,https://books.toscrape.com/catalogue/notes-from-a-small-island-notes-from-a-small-island-1_200/index.html,2026-03-31T13:45:15.522486+00:00
Night (The Night Trilogy #1),Nonfiction,,13.51,£13.51,1,In stock (3 available),c4d9fce9eff3b8ba,0,Product Description,https://books.toscrape.com/catalogue/night-the-night-trilogy-1_199/index.html,2026-03-31T13:45:17.071557+00:00
Neither Here nor There: Travels in Europe,Travel,,38.95,£38.95,3,In stock (3 available),747cf7fca2ccdbd4,0,Product Description,https://books.toscrape.com/catalogue/neither-here-nor-there-travels-in-europe_198/index.html,2026-03-31T13:45:18.795039+00:00
Naked,Humor,,31.69,£31.69,3,In stock (3 available),54aeeb4610d3ae08,0,Product Description,https://books.toscrape.com/catalogue/naked_197/index.html,2026-03-31T13:45:20.399917+00:00
Morning Star (Red Rising #3),Default,,29.4,£29.40,1,In stock (3 available),7ce5a92baabb6bc0,0,Product Description,https://books.toscrape.com/catalogue/morning-star-red-rising-3_196/index.html,2026-03-31T13:45:21.938391+00:00
"Miracles from Heaven: A Little Girl, Her Journey to Heaven, and Her Amazing Story of Healing",Nonfiction,,57.83,£57.83,1,In stock (3 available),7980fa06f2b704d8,0,Product Description,https://books.toscrape.com/catalogue/miracles-from-heaven-a-little-girl-her-journey-to-heaven-and-her-amazing-story-of-healing_195/index.html,2026-03-31T13:45:23.494791+00:00
Midnight Riot (Peter Grant/ Rivers of London - books #1),Fantasy,,55.46,£55.46,2,In stock (3 available),e9056f9b5a40a301,0,Product Description,https://books.toscrape.com/catalogue/midnight-riot-peter-grant-rivers-of-london-books-1_194/index.html,2026-03-31T13:45:25.034218+00:00
Me Talk Pretty One Day,Autobiography,,57.6,£57.60,2,In stock (3 available),abc4a7ee16c21088,0,Product Description,https://books.toscrape.com/catalogue/me-talk-pretty-one-day_193/index.html,2026-03-31T13:45:26.660753+00:00
Manuscript Found in Accra,Add a comment,,34.98,£34.98,2,In stock (3 available),546da23278482b0a,0,Product Description,https://books.toscrape.com/catalogue/manuscript-found-in-accra_192/index.html,2026-03-31T13:45:28.224550+00:00
Lust & Wonder,Autobiography,,11.87,£11.87,2,In stock (3 available),0dcadb06206abd3c,0,Product Description,https://books.toscrape.com/catalogue/lust-wonder_191/index.html,2026-03-31T13:45:29.775311+00:00
Lila (Gilead #3),Fiction,,12.47,£12.47,3,In stock (3 available),4ef75307fb64e2ad,0,Product Description,https://books.toscrape.com/catalogue/lila-gilead-3_190/index.html,2026-03-31T13:45:31.323745+00:00
"Life, the Universe and Everything (Hitchhiker's Guide to the Galaxy #3)",Science Fiction,,33.26,£33.26,2,In stock (3 available),4b3f4f151c99f472,0,Product Description,https://books.toscrape.com/catalogue/life-the-universe-and-everything-hitchhikers-guide-to-the-galaxy-3_189/index.html,2026-03-31T13:45:32.853063+00:00
Life Without a Recipe,Autobiography,,59.04,£59.04,5,In stock (3 available),c53d9fefcda371e9,0,Product Description,https://books.toscrape.com/catalogue/life-without-a-recipe_188/index.html,2026-03-31T13:45:34.385120+00:00
Life After Life,Default,,26.13,£26.13,2,In stock (3 available),4ec53ff7e2263f32,0,Product Description,https://books.toscrape.com/catalogue/life-after-life_187/index.html,2026-03-31T13:45:35.930321+00:00
Letter to a Christian Nation,Nonfiction,,22.2,£22.20,1,In stock (3 available),1de75f05d57bfc10,0,Product Description,https://books.toscrape.com/catalogue/letter-to-a-christian-nation_186/index.html,2026-03-31T13:45:37.478823+00:00
Let's Pretend This Never Happened: A Mostly True Memoir,Nonfiction,,45.11,£45.11,1,In stock (3 available),1246e4ffeb5ac4ea,0,Product Description,https://books.toscrape.com/catalogue/lets-pretend-this-never-happened-a-mostly-true-memoir_185/index.html,2026-03-31T13:45:39.063631+00:00
Legend (Legend #1),Young Adult,,43.69,£43.69,4,In stock (3 available),0ce8075fab4a2b5b,0,Product Description,https://books.toscrape.com/catalogue/legend-legend-1_184/index.html,2026-03-31T13:45:40.619332+00:00
"Lean In: Women, Work, and the Will to Lead",Default,,25.02,£25.02,1,In stock (3 available),d5e1a9bfe22bbf9f,0,Product Description,https://books.toscrape.com/catalogue/lean-in-women-work-and-the-will-to-lead_183/index.html,2026-03-31T13:45:42.172232+00:00
"Lamb: The Gospel According to Biff, Christ's Childhood Pal",Humor,,55.5,£55.50,5,In stock (3 available),190fbebbf798c31a,0,Product Description,https://books.toscrape.com/catalogue/lamb-the-gospel-according-to-biff-christs-childhood-pal_182/index.html,2026-03-31T13:45:43.715635+00:00
Lady Renegades (Rebel Belle #3),Young Adult,,53.04,£53.04,5,In stock (3 available),16e843e6b853cc2f,0,Product Description,https://books.toscrape.com/catalogue/lady-renegades-rebel-belle-3_181/index.html,2026-03-31T13:45:45.279905+00:00
Jurassic Park (Jurassic Park #1),Fiction,,44.97,£44.97,1,In stock (3 available),a0dd11f6abc421ec,0,Product Description,https://books.toscrape.com/catalogue/jurassic-park-jurassic-park-1_180/index.html,2026-03-31T13:45:48.535731+00:00
It's Never Too Late to Begin Again: Discovering Creativity and Meaning at Midlife and Beyond,Nonfiction,,42.38,£42.38,1,In stock (3 available),d4a29356fc992879,0,Product Description,https://books.toscrape.com/catalogue/its-never-too-late-to-begin-again-discovering-creativity-and-meaning-at-midlife-and-beyond_179/index.html,2026-03-31T13:45:50.080643+00:00
Is Everyone Hanging Out Without Me? (And Other Concerns),Default,,20.11,£20.11,3,In stock (3 available),034829ffdd0a0aea,0,Product Description,https://books.toscrape.com/catalogue/is-everyone-hanging-out-without-me-and-other-concerns_178/index.html,2026-03-31T13:45:51.679362+00:00
Into the Wild,Nonfiction,,56.7,£56.70,5,In stock (3 available),a7c3f1010d64799a,0,Product Description,https://books.toscrape.com/catalogue/into-the-wild_177/index.html,2026-03-31T13:45:53.229413+00:00
Inferno (Robert Langdon #4),Fiction,,41.0,£41.00,5,In stock (3 available),6c4646d90b60a56c,0,Product Description,https://books.toscrape.com/catalogue/inferno-robert-langdon-4_176/index.html,2026-03-31T13:45:54.797042+00:00
"In the Garden of Beasts: Love, Terror, and an American Family in Hitler's Berlin",Nonfiction,,28.85,£28.85,3,In stock (3 available),d8292cd5f1aca291,0,Product Description,https://books.toscrape.com/catalogue/in-the-garden-of-beasts-love-terror-and-an-american-family-in-hitlers-berlin_175/index.html,2026-03-31T13:45:56.344156+00:00
If I Run (If I Run #1),Christian Fiction,,49.97,£49.97,4,In stock (3 available),61569d12d4ae7161,0,Product Description,https://books.toscrape.com/catalogue/if-i-run-if-i-run-1_174/index.html,2026-03-31T13:45:57.950659+00:00
I've Got Your Number,Womens Fiction,,19.69,£19.69,1,In stock (3 available),6b32b561dab8036c,0,Product Description,https://books.toscrape.com/catalogue/ive-got-your-number_173/index.html,2026-03-31T13:45:59.522145+00:00
I Am Malala: The Girl Who Stood Up for Education and Was Shot by the Taliban,Nonfiction,,28.88,£28.88,2,In stock (3 available),8010c7c148057fd3,0,Product Description,https://books.toscrape.com/catalogue/i-am-malala-the-girl-who-stood-up-for-education-and-was-shot-by-the-taliban_172/index.html,2026-03-31T13:46:01.145355+00:00
Hungry Girl Clean & Hungry: Easy All-Natural Recipes for Healthy Eating in the Real World,Food and Drink,,33.14,£33.14,3,In stock (3 available),6c4d17a46cac8787,0,Product Description,https://books.toscrape.com/catalogue/hungry-girl-clean-hungry-easy-all-natural-recipes-for-healthy-eating-in-the-real-world_171/index.html,2026-03-31T13:46:02.740604+00:00
"House of Lost Worlds: Dinosaurs, Dynasties, and the Story of Life on Earth",History,,43.7,£43.70,2,In stock (3 available),1812b8f5641287e3,0,Product Description,https://books.toscrape.com/catalogue/house-of-lost-worlds-dinosaurs-dynasties-and-the-story-of-life-on-earth_170/index.html,2026-03-31T13:46:04.323280+00:00
House of Leaves,Horror,,54.89,£54.89,1,In stock (3 available),557c03c284be1bf2,0,Product Description,https://books.toscrape.com/catalogue/house-of-leaves_169/index.html,2026-03-31T13:46:05.865073+00:00
Horrible Bear!,Childrens,,37.52,£37.52,2,In stock (3 available),cc1ac978a6835ef6,0,Product Description,https://books.toscrape.com/catalogue/horrible-bear_168/index.html,2026-03-31T13:46:07.429421+00:00
Holidays on Ice,Humor,,51.07,£51.07,2,In stock (3 available),0cb4856be3694a57,0,Product Description,https://books.toscrape.com/catalogue/holidays-on-ice_167/index.html,2026-03-31T13:46:09.058619+00:00
Heir to the Sky,Fantasy,,44.07,£44.07,4,In stock (3 available),b003f8bb02f76dc5,0,Product Description,https://books.toscrape.com/catalogue/heir-to-the-sky_166/index.html,2026-03-31T13:46:10.662418+00:00
Green Eggs and Ham (Beginner Books B-16),Childrens,,10.79,£10.79,4,In stock (3 available),621e2c310cec8d32,0,Product Description,https://books.toscrape.com/catalogue/green-eggs-and-ham-beginner-books-b-16_165/index.html,2026-03-31T13:46:12.289962+00:00
"Grayson, Vol 3: Nemesis (Grayson #3)",Sequential Art,,42.72,£42.72,1,In stock (3 available),4f6985aca357ae09,0,Product Description,https://books.toscrape.com/catalogue/grayson-vol-3-nemesis-grayson-3_164/index.html,2026-03-31T13:46:13.852137+00:00
Gratitude,Nonfiction,,26.66,£26.66,5,In stock (3 available),c300cc9326592b65,0,Product Description,https://books.toscrape.com/catalogue/gratitude_163/index.html,2026-03-31T13:46:15.457966+00:00
Gone Girl,Default,,37.6,£37.60,5,In stock (3 available),d5c588b6f9c015e4,0,Product Description,https://books.toscrape.com/catalogue/gone-girl_162/index.html,2026-03-31T13:46:17.035589+00:00
Golden (Heart of Dread #3),Young Adult,,42.21,£42.21,4,In stock (3 available),984b3b6e7479b571,0,Product Description,https://books.toscrape.com/catalogue/golden-heart-of-dread-3_161/index.html,2026-03-31T13:46:18.644923+00:00
Girl in the Blue Coat,Historical Fiction,,46.83,£46.83,2,In stock (3 available),41fc5dce044f16f5,0,Product Description,https://books.toscrape.com/catalogue/girl-in-the-blue-coat_160/index.html,2026-03-31T13:46:22.017455+00:00
"Fruits Basket, Vol. 3 (Fruits Basket #3)",Sequential Art,,45.17,£45.17,2,In stock (3 available),d5f5a122a593b580,0,Product Description,https://books.toscrape.com/catalogue/fruits-basket-vol-3-fruits-basket-3_159/index.html,2026-03-31T13:46:23.625002+00:00
"Friday Night Lights: A Town, a Team, and a Dream",Sports and Games,,51.22,£51.22,3,In stock (3 available),a9aa3ed5b316470b,0,Product Description,https://books.toscrape.com/catalogue/friday-night-lights-a-town-a-team-and-a-dream_158/index.html,2026-03-31T13:46:25.288279+00:00
Fire Bound (Sea Haven/Sisters of the Heart #5),Add a comment,,21.28,£21.28,4,In stock (3 available),2ed3a794a70aa85f,0,Product Description,https://books.toscrape.com/catalogue/fire-bound-sea-havensisters-of-the-heart-5_157/index.html,2026-03-31T13:46:26.843012+00:00
Fifty Shades Freed (Fifty Shades #3),Adult Fiction,,15.36,£15.36,5,In stock (3 available),ed813a848580ba50,0,Product Description,https://books.toscrape.com/catalogue/fifty-shades-freed-fifty-shades-3_156/index.html,2026-03-31T13:46:28.473681+00:00
Fellside,Default,,38.62,£38.62,1,In stock (3 available),147019cae600694e,0,Product Description,https://books.toscrape.com/catalogue/fellside_155/index.html,2026-03-31T13:46:30.097821+00:00
Extreme Prey (Lucas Davenport #26),Mystery,,25.4,£25.40,3,In stock (3 available),588ba85ff11a3263,0,Product Description,https://books.toscrape.com/catalogue/extreme-prey-lucas-davenport-26_154/index.html,2026-03-31T13:46:31.650497+00:00
Eragon (The Inheritance Cycle #1),Fantasy,,43.87,£43.87,3,In stock (3 available),b843f52a986a2914,0,Product Description,https://books.toscrape.com/catalogue/eragon-the-inheritance-cycle-1_153/index.html,2026-03-31T13:46:33.183598+00:00
Eclipse (Twilight #3),Default,,18.74,£18.74,1,In stock (3 available),73f71f9556442117,0,Product Description,https://books.toscrape.com/catalogue/eclipse-twilight-3_152/index.html,2026-03-31T13:46:34.745323+00:00
Dune (Dune #1),Science Fiction,,54.86,£54.86,1,In stock (3 available),36d5884d44484277,0,Product Description,https://books.toscrape.com/catalogue/dune-dune-1_151/index.html,2026-03-31T13:46:36.438229+00:00
Dracula,Default,,52.62,£52.62,3,In stock (3 available),a7ec599c1a547746,0,Product Description,https://books.toscrape.com/catalogue/dracula_150/index.html,2026-03-31T13:46:37.971320+00:00
Do Androids Dream of Electric Sheep? (Blade Runner #1),Science Fiction,,51.48,£51.48,1,In stock (3 available),98330e431e56a9ea,0,Product Description,https://books.toscrape.com/catalogue/do-androids-dream-of-electric-sheep-blade-runner-1_149/index.html,2026-03-31T13:46:39.543045+00:00
Disrupted: My Misadventure in the Start-Up Bubble,Nonfiction,,15.28,£15.28,5,In stock (3 available),81372abc86f65c79,0,Product Description,https://books.toscrape.com/catalogue/disrupted-my-misadventure-in-the-start-up-bubble_148/index.html,2026-03-31T13:46:41.060163+00:00
Dead Wake: The Last Crossing of the Lusitania,Default,,39.24,£39.24,5,In stock (3 available),04d858cdeeee0da4,0,Product Description,https://books.toscrape.com/catalogue/dead-wake-the-last-crossing-of-the-lusitania_147/index.html,2026-03-31T13:46:42.617272+00:00
"David and Goliath: Underdogs, Misfits, and the Art of Battling Giants",Default,,17.81,£17.81,1,In stock (3 available),d234ddecef49ef4e,0,Product Description,https://books.toscrape.com/catalogue/david-and-goliath-underdogs-misfits-and-the-art-of-battling-giants_146/index.html,2026-03-31T13:46:44.139959+00:00
Darkfever (Fever #1),Fantasy,,56.02,£56.02,1,In stock (3 available),468bd274ac084bb9,0,Product Description,https://books.toscrape.com/catalogue/darkfever-fever-1_145/index.html,2026-03-31T13:46:45.757470+00:00
Dark Places,Default,,23.9,£23.90,5,In stock (3 available),66937c669c4da072,0,Product Description,https://books.toscrape.com/catalogue/dark-places_144/index.html,2026-03-31T13:46:47.375214+00:00
Crazy Rich Asians (Crazy Rich Asians #1),Fiction,,49.13,£49.13,5,In stock (3 available),c9782ad2a0ed9331,0,Product Description,https://books.toscrape.com/catalogue/crazy-rich-asians-crazy-rich-asians-1_143/index.html,2026-03-31T13:46:48.954468+00:00
Counting Thyme,Childrens,,10.62,£10.62,1,In stock (3 available),157f693d9e600ccc,0,Product Description,https://books.toscrape.com/catalogue/counting-thyme_142/index.html,2026-03-31T13:46:50.493904+00:00
Cosmos,Add a comment,,36.17,£36.17,2,In stock (3 available),dbe33cf29ef1623d,0,Product Description,https://books.toscrape.com/catalogue/cosmos_141/index.html,2026-03-31T13:46:52.056996+00:00
Civilization and Its Discontents,Psychology,,59.95,£59.95,2,In stock (3 available),396385e3de5d18c3,0,Product Description,https://books.toscrape.com/catalogue/civilization-and-its-discontents_140/index.html,2026-03-31T13:46:55.307023+00:00
Cinder (The Lunar Chronicles #1),Young Adult,,26.09,£26.09,1,In stock (3 available),7e9579921e5407cb,0,Product Description,https://books.toscrape.com/catalogue/cinder-the-lunar-chronicles-1_139/index.html,2026-03-31T13:46:56.846986+00:00
Catastrophic Happiness: Finding Joy in Childhood's Messy Years,Parenting,,37.35,£37.35,2,In stock (3 available),ef49db2aaa9bb547,0,Product Description,https://books.toscrape.com/catalogue/catastrophic-happiness-finding-joy-in-childhoods-messy-years_138/index.html,2026-03-31T13:46:58.371536+00:00
Career of Evil (Cormoran Strike #3),Mystery,,24.72,£24.72,2,In stock (3 available),b461cf238506c5b8,0,Product Description,https://books.toscrape.com/catalogue/career-of-evil-cormoran-strike-3_137/index.html,2026-03-31T13:46:59.957139+00:00
Breaking Dawn (Twilight #4),Default,,35.28,£35.28,5,In stock (3 available),bbfc4a3b7b6c94a0,0,Product Description,https://books.toscrape.com/catalogue/breaking-dawn-twilight-4_136/index.html,2026-03-31T13:47:01.540785+00:00
Brave Enough,Nonfiction,,51.32,£51.32,5,In stock (3 available),fd2337c1b73b686e,0,Product Description,https://books.toscrape.com/catalogue/brave-enough_135/index.html,2026-03-31T13:47:03.079336+00:00
Boy Meets Boy,Young Adult,,21.12,£21.12,3,In stock (3 available),8e0bc2fe4e7d35b5,0,Product Description,https://books.toscrape.com/catalogue/boy-meets-boy_134/index.html,2026-03-31T13:47:04.650583+00:00
"Born to Run: A Hidden Tribe, Superathletes, and the Greatest Race the World Has Never Seen",Nonfiction,,27.35,£27.35,2,In stock (3 available),e256de8aa0c2115f,0,Product Description,https://books.toscrape.com/catalogue/born-to-run-a-hidden-tribe-superathletes-and-the-greatest-race-the-world-has-never-seen_133/index.html,2026-03-31T13:47:06.245565+00:00
Blink: The Power of Thinking Without Thinking,Nonfiction,,21.74,£21.74,5,In stock (3 available),0bbc48294707ba96,0,Product Description,https://books.toscrape.com/catalogue/blink-the-power-of-thinking-without-thinking_132/index.html,2026-03-31T13:47:07.825779+00:00
Black Flags: The Rise of ISIS,Nonfiction,,40.87,£40.87,1,In stock (3 available),860318b8e244f39c,0,Product Description,https://books.toscrape.com/catalogue/black-flags-the-rise-of-isis_131/index.html,2026-03-31T13:47:09.347078+00:00
"Black Butler, Vol. 1 (Black Butler #1)",Sequential Art,,49.31,£49.31,1,In stock (3 available),15f415d436888b2d,0,Product Description,https://books.toscrape.com/catalogue/black-butler-vol-1-black-butler-1_130/index.html,2026-03-31T13:47:10.940400+00:00
Big Little Lies,Fiction,,22.11,£22.11,1,In stock (3 available),d3f9c4539c0caa64,0,Product Description,https://books.toscrape.com/catalogue/big-little-lies_129/index.html,2026-03-31T13:47:12.553398+00:00
Between Shades of Gray,Historical Fiction,,20.79,£20.79,5,In stock (3 available),155e42df837ee5ff,0,Product Description,https://books.toscrape.com/catalogue/between-shades-of-gray_128/index.html,2026-03-31T13:47:14.159392+00:00
Best of My Love (Fool's Gold #20),Romance,,27.41,£27.41,2,In stock (3 available),67dea6c75d6a1075,0,Product Description,https://books.toscrape.com/catalogue/best-of-my-love-fools-gold-20_127/index.html,2026-03-31T13:47:15.759232+00:00
Beowulf,Classics,,38.35,£38.35,2,In stock (3 available),3fb69f34e178d494,0,Product Description,https://books.toscrape.com/catalogue/beowulf_126/index.html,2026-03-31T13:47:17.369073+00:00
Beautiful Creatures (Caster Chronicles #1),Default,,21.55,£21.55,5,In stock (3 available),5439bae708bca198,0,Product Description,https://books.toscrape.com/catalogue/beautiful-creatures-caster-chronicles-1_125/index.html,2026-03-31T13:47:18.950450+00:00
Awkward,Sequential Art,,38.02,£38.02,2,In stock (3 available),1d89a2aa9f6ce50f,0,Product Description,https://books.toscrape.com/catalogue/awkward_124/index.html,2026-03-31T13:47:20.536849+00:00
Ash,Fantasy,,22.06,£22.06,4,In stock (3 available),5d22e2a46604b6e7,0,Product Description,https://books.toscrape.com/catalogue/ash_123/index.html,2026-03-31T13:47:22.095660+00:00
Are We There Yet?,Childrens,,10.66,£10.66,3,In stock (3 available),ef9c4f2465513956,0,Product Description,https://books.toscrape.com/catalogue/are-we-there-yet_122/index.html,2026-03-31T13:47:23.711336+00:00
Are We Smart Enough to Know How Smart Animals Are?,Nonfiction,,56.58,£56.58,1,In stock (3 available),da0349a87c8caa2f,0,Product Description,https://books.toscrape.com/catalogue/are-we-smart-enough-to-know-how-smart-animals-are_121/index.html,2026-03-31T13:47:25.330564+00:00
Annie on My Mind,Young Adult,,36.83,£36.83,5,In stock (3 available),7bf87402413c27ff,0,Product Description,https://books.toscrape.com/catalogue/annie-on-my-mind_120/index.html,2026-03-31T13:47:28.611499+00:00
And Then There Were None,Classics,,35.01,£35.01,2,In stock (3 available),cfe350b20d23b02b,0,Product Description,https://books.toscrape.com/catalogue/and-then-there-were-none_119/index.html,2026-03-31T13:47:30.206841+00:00
A Walk in the Woods: Rediscovering America on the Appalachian Trail,Nonfiction,,30.48,£30.48,4,In stock (3 available),bcee4f289ff6699c,0,Product Description,https://books.toscrape.com/catalogue/a-walk-in-the-woods-rediscovering-america-on-the-appalachian-trail_118/index.html,2026-03-31T13:47:31.777539+00:00
A Visit from the Goon Squad,Default,,14.08,£14.08,5,In stock (3 available),5dbd6ec4e154ad2f,0,Product Description,https://books.toscrape.com/catalogue/a-visit-from-the-goon-squad_117/index.html,2026-03-31T13:47:33.332242+00:00
A Storm of Swords (A Song of Ice and Fire #3),Fantasy,,31.22,£31.22,2,In stock (3 available),87beabf664115d79,0,Product Description,https://books.toscrape.com/catalogue/a-storm-of-swords-a-song-of-ice-and-fire-3_116/index.html,2026-03-31T13:47:34.901288+00:00
A Heartbreaking Work of Staggering Genius,Autobiography,,54.29,£54.29,5,In stock (3 available),c9770bb1d5a492a0,0,Product Description,https://books.toscrape.com/catalogue/a-heartbreaking-work-of-staggering-genius_115/index.html,2026-03-31T13:47:36.461098+00:00
8 Keys to Mental Health Through Exercise,Psychology,,31.04,£31.04,1,In stock (3 available),f5873c8fc7760000,0,Product Description,https://books.toscrape.com/catalogue/8-keys-to-mental-health-through-exercise_114/index.html,2026-03-31T13:47:38.011332+00:00
#GIRLBOSS,Add a comment,,50.96,£50.96,1,In stock (3 available),165affa7adb5eded,0,Product Description,https://books.toscrape.com/catalogue/girlboss_113/index.html,2026-03-31T13:47:39.654727+00:00
"The Suffragettes (Little Black Classics, #96)",Nonfiction,,11.89,£11.89,2,In stock (2 available),d2185b65af52d68c,0,Product Description,https://books.toscrape.com/catalogue/the-suffragettes-little-black-classics-96_112/index.html,2026-03-31T13:47:41.222190+00:00
The Sense of an Ending,Add a comment,,31.38,£31.38,3,In stock (2 available),4130678275eb7c8c,0,Product Description,https://books.toscrape.com/catalogue/the-sense-of-an-ending_111/index.html,2026-03-31T13:47:42.749886+00:00
"The Sandman, Vol. 2: The Doll's House (The Sandman (volumes) #2)",Sequential Art,,54.81,£54.81,1,In stock (2 available),276dc716b1da8899,0,Product Description,https://books.toscrape.com/catalogue/the-sandman-vol-2-the-dolls-house-the-sandman-volumes-2_110/index.html,2026-03-31T13:47:44.380421+00:00
The Course of Love,Fiction,,16.78,£16.78,3,In stock (2 available),f3c76b53b239f511,0,Product Description,https://books.toscrape.com/catalogue/the-course-of-love_109/index.html,2026-03-31T13:47:45.985146+00:00
Sugar Rush (Offensive Line #2),Sports and Games,,24.42,£24.42,1,In stock (2 available),ce42e3de94226b2b,0,Product Description,https://books.toscrape.com/catalogue/sugar-rush-offensive-line-2_108/index.html,2026-03-31T13:47:47.605210+00:00
"Saga, Volume 2 (Saga (Collected Editions) #2)",Sequential Art,,11.75,£11.75,3,In stock (2 available),9189fd009df41d0e,0,Product Description,https://books.toscrape.com/catalogue/saga-volume-2-saga-collected-editions-2_107/index.html,2026-03-31T13:47:49.159973+00:00
"Run, Spot, Run: The Ethics of Keeping Pets",Philosophy,,20.02,£20.02,1,In stock (2 available),b0e479be03911916,0,Product Description,https://books.toscrape.com/catalogue/run-spot-run-the-ethics-of-keeping-pets_106/index.html,2026-03-31T13:47:50.725105+00:00
New Moon (Twilight #2),Young Adult,,12.86,£12.86,4,In stock (2 available),6fa3ea52c8e31e06,0,Product Description,https://books.toscrape.com/catalogue/new-moon-twilight-2_105/index.html,2026-03-31T13:47:52.278157+00:00
Life,Music,,31.58,£31.58,5,In stock (2 available),637e5a45062aa548,0,Product Description,https://books.toscrape.com/catalogue/life_104/index.html,2026-03-31T13:47:53.971688+00:00
Kindle Paperwhite User's Guide,Nonfiction,,34.0,£34.00,3,In stock (2 available),fb495f9f9015a772,0,Product Description,https://books.toscrape.com/catalogue/kindle-paperwhite-users-guide_103/index.html,2026-03-31T13:47:55.530523+00:00
H is for Hawk,Nonfiction,,57.42,£57.42,5,In stock (2 available),b6d3f4f4ee1f6069,0,Product Description,https://books.toscrape.com/catalogue/h-is-for-hawk_102/index.html,2026-03-31T13:47:57.098319+00:00
Girl Online On Tour (Girl Online #2),Young Adult,,53.47,£53.47,1,In stock (2 available),97b8f130d32e9f4e,0,Product Description,https://books.toscrape.com/catalogue/girl-online-on-tour-girl-online-2_101/index.html,2026-03-31T13:47:58.652806+00:00
"Fruits Basket, Vol. 2 (Fruits Basket #2)",Sequential Art,,11.64,£11.64,5,In stock (2 available),c0db71f6bb14db11,0,Product Description,https://books.toscrape.com/catalogue/fruits-basket-vol-2-fruits-basket-2_100/index.html,2026-03-31T13:48:02.247805+00:00
Diary of a Minecraft Zombie Book 1: A Scare of a Dare (An Unofficial Minecraft Book),Childrens,,52.88,£52.88,4,In stock (2 available),d7b463918d3b8c39,0,Product Description,https://books.toscrape.com/catalogue/diary-of-a-minecraft-zombie-book-1-a-scare-of-a-dare-an-unofficial-minecraft-book_99/index.html,2026-03-31T13:48:03.814155+00:00
"Y: The Last Man, Vol. 1: Unmanned (Y: The Last Man #1)",Sequential Art,,18.51,£18.51,4,In stock (1 available),09d26b5f819c6a36,0,Product Description,https://books.toscrape.com/catalogue/y-the-last-man-vol-1-unmanned-y-the-last-man-1_98/index.html,2026-03-31T13:48:05.429694+00:00
While You Were Mine,Historical Fiction,,41.32,£41.32,5,In stock (1 available),8ceb5c6aed2c5f8b,0,Product Description,https://books.toscrape.com/catalogue/while-you-were-mine_97/index.html,2026-03-31T13:48:07.006664+00:00
Where Lightning Strikes (Bleeding Stars #3),Romance,,39.77,£39.77,3,In stock (1 available),def389ddfda6991b,0,Product Description,https://books.toscrape.com/catalogue/where-lightning-strikes-bleeding-stars-3_96/index.html,2026-03-31T13:48:08.620917+00:00
When I'm Gone,Fiction,,51.96,£51.96,3,In stock (1 available),c5f91eb481427dc5,0,Product Description,https://books.toscrape.com/catalogue/when-im-gone_95/index.html,2026-03-31T13:48:10.214497+00:00
Ways of Seeing,Art,,39.51,£39.51,5,In stock (1 available),66a4e422b212726a,0,Product Description,https://books.toscrape.com/catalogue/ways-of-seeing_94/index.html,2026-03-31T13:48:11.812763+00:00
"Vampire Knight, Vol. 1 (Vampire Knight #1)",Paranormal,,15.4,£15.40,1,In stock (1 available),e7e87087b1a44711,0,Product Description,https://books.toscrape.com/catalogue/vampire-knight-vol-1-vampire-knight-1_93/index.html,2026-03-31T13:48:14.072376+00:00
Vampire Girl (Vampire Girl #1),Fantasy,,53.82,£53.82,2,In stock (1 available),dab5e75d1339706a,0,Product Description,https://books.toscrape.com/catalogue/vampire-girl-vampire-girl-1_92/index.html,2026-03-31T13:48:15.677155+00:00
Twenty Love Poems and a Song of Despair,Poetry,,30.95,£30.95,4,In stock (1 available),e63c3f25338baf9a,0,Product Description,https://books.toscrape.com/catalogue/twenty-love-poems-and-a-song-of-despair_91/index.html,2026-03-31T13:48:17.232396+00:00
Travels with Charley: In Search of America,Nonfiction,,57.82,£57.82,5,In stock (1 available),0268f149d014b389,0,Product Description,https://books.toscrape.com/catalogue/travels-with-charley-in-search-of-america_90/index.html,2026-03-31T13:48:18.885048+00:00
Three Wishes (River of Time: California #1),Science Fiction,,44.18,£44.18,2,In stock (1 available),460f97a346b44bac,0,Product Description,https://books.toscrape.com/catalogue/three-wishes-river-of-time-california-1_89/index.html,2026-03-31T13:48:20.547471+00:00
This One Moment (Pushing Limits #1),Romance,,48.71,£48.71,1,In stock (1 available),d6d98d3508c30f57,0,Product Description,https://books.toscrape.com/catalogue/this-one-moment-pushing-limits-1_88/index.html,2026-03-31T13:48:22.131608+00:00
The Zombie Room,Default,,19.69,£19.69,5,In stock (1 available),9c96cd1329fbd82d,0,Product Description,https://books.toscrape.com/catalogue/the-zombie-room_87/index.html,2026-03-31T13:48:23.680688+00:00
"The Wicked + The Divine, Vol. 1: The Faust Act (The Wicked + The Divine)",Sequential Art,,36.52,£36.52,2,In stock (1 available),dac9d1e654fac737,0,Product Description,https://books.toscrape.com/catalogue/the-wicked-the-divine-vol-1-the-faust-act-the-wicked-the-divine_86/index.html,2026-03-31T13:48:25.212070+00:00
The Tumor,Nonfiction,,41.56,£41.56,5,In stock (1 available),6514add13c82b115,0,Product Description,https://books.toscrape.com/catalogue/the-tumor_85/index.html,2026-03-31T13:48:26.756705+00:00
The Story of Hong Gildong,Classics,,43.19,£43.19,4,In stock (1 available),32d035df92ab9080,0,Product Description,https://books.toscrape.com/catalogue/the-story-of-hong-gildong_84/index.html,2026-03-31T13:48:28.309875+00:00
The Silent Wife,Fiction,,12.34,£12.34,5,In stock (1 available),b78deb463531d078,0,Product Description,https://books.toscrape.com/catalogue/the-silent-wife_83/index.html,2026-03-31T13:48:29.844970+00:00
The Silent Twin (Detective Jennifer Knight #3),Fantasy,,36.25,£36.25,3,In stock (1 available),9e9932ae1a7d0943,0,Product Description,https://books.toscrape.com/catalogue/the-silent-twin-detective-jennifer-knight-3_82/index.html,2026-03-31T13:48:31.368690+00:00
The Selfish Gene,Science,,29.45,£29.45,1,In stock (1 available),6f2c0a9adbb2bca9,0,Product Description,https://books.toscrape.com/catalogue/the-selfish-gene_81/index.html,2026-03-31T13:48:32.954217+00:00
The Secret Healer,Historical Fiction,,34.56,£34.56,3,In stock (1 available),38f776ab9118aed7,0,Product Description,https://books.toscrape.com/catalogue/the-secret-healer_80/index.html,2026-03-31T13:48:36.250163+00:00
"The Sandman, Vol. 1: Preludes and Nocturnes (The Sandman (volumes) #1)",Sequential Art,,54.12,£54.12,3,In stock (1 available),5faefdc861684eb1,0,Product Description,https://books.toscrape.com/catalogue/the-sandman-vol-1-preludes-and-nocturnes-the-sandman-volumes-1_79/index.html,2026-03-31T13:48:37.803653+00:00
The Republic,Add a comment,,33.78,£33.78,3,In stock (1 available),0ec9d2b018fb10d8,0,Product Description,https://books.toscrape.com/catalogue/the-republic_78/index.html,2026-03-31T13:48:39.505868+00:00
The Odyssey,Add a comment,,29.64,£29.64,3,In stock (1 available),f0512adadffd2480,0,Product Description,https://books.toscrape.com/catalogue/the-odyssey_77/index.html,2026-03-31T13:48:41.071395+00:00
The No. 1 Ladies' Detective Agency (No. 1 Ladies' Detective Agency #1),Mystery,,57.7,£57.70,4,In stock (1 available),b0913e67d38d5ed5,0,Product Description,https://books.toscrape.com/catalogue/the-no-1-ladies-detective-agency-no-1-ladies-detective-agency-1_76/index.html,2026-03-31T13:48:42.596632+00:00
The Nicomachean Ethics,Philosophy,,36.34,£36.34,1,In stock (1 available),5c10b64db3e4f228,0,Product Description,https://books.toscrape.com/catalogue/the-nicomachean-ethics_75/index.html,2026-03-31T13:48:44.198195+00:00
The Name of the Wind (The Kingkiller Chronicle #1),Default,,50.59,£50.59,3,In stock (1 available),c8614adb1a90b027,0,Product Description,https://books.toscrape.com/catalogue/the-name-of-the-wind-the-kingkiller-chronicle-1_74/index.html,2026-03-31T13:48:45.757862+00:00
The Mirror & the Maze (The Wrath and the Dawn #1.5),Fantasy,,29.38,£29.38,1,In stock (1 available),c40b70e0f6d80189,0,Product Description,https://books.toscrape.com/catalogue/the-mirror-the-maze-the-wrath-and-the-dawn-15_73/index.html,2026-03-31T13:48:47.316224+00:00
The Little Prince,Classics,,45.42,£45.42,2,In stock (1 available),1aeca7d078d57deb,0,Product Description,https://books.toscrape.com/catalogue/the-little-prince_72/index.html,2026-03-31T13:48:48.875460+00:00
The Light of the Fireflies,Add a comment,,54.43,£54.43,1,In stock (1 available),04e43893e32f9d29,0,Product Description,https://books.toscrape.com/catalogue/the-light-of-the-fireflies_71/index.html,2026-03-31T13:48:50.418421+00:00
The Last Girl (The Dominion Trilogy #1),Science Fiction,,36.26,£36.26,2,In stock (1 available),16c71736dae78764,0,Product Description,https://books.toscrape.com/catalogue/the-last-girl-the-dominion-trilogy-1_70/index.html,2026-03-31T13:48:52.147499+00:00
The Iliad,Add a comment,,16.16,£16.16,1,In stock (1 available),86d8bd7afa5b51b3,0,Product Description,https://books.toscrape.com/catalogue/the-iliad_69/index.html,2026-03-31T13:48:53.697524+00:00
The Hook Up (Game On #1),New Adult,,36.29,£36.29,5,In stock (1 available),6e473eff459e809f,0,Product Description,https://books.toscrape.com/catalogue/the-hook-up-game-on-1_68/index.html,2026-03-31T13:48:55.236958+00:00
The Haters,Young Adult,,27.89,£27.89,5,In stock (1 available),fff8a057a40c4a60,0,Product Description,https://books.toscrape.com/catalogue/the-haters_67/index.html,2026-03-31T13:48:56.770308+00:00
The Girl You Lost,Mystery,,12.29,£12.29,5,In stock (1 available),4280ac3eab57aa5d,0,Product Description,https://books.toscrape.com/catalogue/the-girl-you-lost_66/index.html,2026-03-31T13:48:58.326179+00:00
The Girl In The Ice (DCI Erika Foster #1),Mystery,,15.85,£15.85,3,In stock (1 available),ee61197edb882599,0,Product Description,https://books.toscrape.com/catalogue/the-girl-in-the-ice-dci-erika-foster-1_65/index.html,2026-03-31T13:48:59.860640+00:00
The End of the Jesus Era (An Investigation #1),Nonfiction,,14.4,£14.40,1,In stock (1 available),09659d1639a1f978,0,Product Description,https://books.toscrape.com/catalogue/the-end-of-the-jesus-era-an-investigation-1_64/index.html,2026-03-31T13:49:01.459275+00:00
The Edge of Reason (Bridget Jones #2),Womens Fiction,,19.18,£19.18,4,In stock (1 available),29fc016c459aeb14,0,Product Description,https://books.toscrape.com/catalogue/the-edge-of-reason-bridget-jones-2_63/index.html,2026-03-31T13:49:03.142610+00:00
The Complete Maus (Maus #1-2),Sequential Art,,10.64,£10.64,3,In stock (1 available),3301af038a720587,0,Product Description,https://books.toscrape.com/catalogue/the-complete-maus-maus-1-2_62/index.html,2026-03-31T13:49:04.731506+00:00
The Communist Manifesto,Add a comment,,14.76,£14.76,3,In stock (1 available),18b4545a5ed15581,0,Product Description,https://books.toscrape.com/catalogue/the-communist-manifesto_61/index.html,2026-03-31T13:49:06.384091+00:00
The Bhagavad Gita,Religion,,57.49,£57.49,3,In stock (1 available),f3a0b8c835129558,0,Product Description,https://books.toscrape.com/catalogue/the-bhagavad-gita_60/index.html,2026-03-31T13:49:09.686392+00:00
The Bette Davis Club,Fiction,,30.66,£30.66,3,In stock (1 available),dfb0849016bc122c,0,Product Description,https://books.toscrape.com/catalogue/the-bette-davis-club_59/index.html,2026-03-31T13:49:11.300181+00:00
The Art of Not Breathing,Young Adult,,40.83,£40.83,4,In stock (1 available),5bc1fbccfbf2355c,0,Product Description,https://books.toscrape.com/catalogue/the-art-of-not-breathing_58/index.html,2026-03-31T13:49:12.904625+00:00
Taking Shots (Assassins #1),Default,,18.88,£18.88,2,In stock (1 available),a7eef9d6795422c1,0,Product Description,https://books.toscrape.com/catalogue/taking-shots-assassins-1_57/index.html,2026-03-31T13:49:14.451488+00:00
Starlark,Historical Fiction,,25.83,£25.83,3,In stock (1 available),e25164e5b3fe208b,0,Product Description,https://books.toscrape.com/catalogue/starlark_56/index.html,2026-03-31T13:49:16.010070+00:00
"Skip Beat!, Vol. 01 (Skip Beat! #1)",Sequential Art,,42.12,£42.12,3,In stock (1 available),2ac720f76384c57e,0,Product Description,https://books.toscrape.com/catalogue/skip-beat-vol-01-skip-beat-1_55/index.html,2026-03-31T13:49:17.560334+00:00
Sister Sable (The Mad Queen #1),Fantasy,,13.33,£13.33,3,In stock (1 available),3a9a7c5895e82646,0,Product Description,https://books.toscrape.com/catalogue/sister-sable-the-mad-queen-1_54/index.html,2026-03-31T13:49:19.170263+00:00
Shatter Me (Shatter Me #1),Default,,42.4,£42.40,1,In stock (1 available),9ed7090d8fa690b0,0,Product Description,https://books.toscrape.com/catalogue/shatter-me-shatter-me-1_53/index.html,2026-03-31T13:49:20.933418+00:00
Shameless,New Adult,,58.35,£58.35,3,In stock (1 available),c068c013d6921fea,0,Product Description,https://books.toscrape.com/catalogue/shameless_52/index.html,2026-03-31T13:49:22.487902+00:00
Shadow Rites (Jane Yellowrock #10),Fantasy,,21.72,£21.72,4,In stock (1 available),229cd6564bf0dce4,0,Product Description,https://books.toscrape.com/catalogue/shadow-rites-jane-yellowrock-10_51/index.html,2026-03-31T13:49:24.092466+00:00
Settling the Score (The Summer Games #1),Sports and Games,,44.91,£44.91,2,In stock (1 available),132adf7335bb384a,0,Product Description,https://books.toscrape.com/catalogue/settling-the-score-the-summer-games-1_50/index.html,2026-03-31T13:49:25.710024+00:00
Sense and Sensibility,Classics,,37.46,£37.46,1,In stock (1 available),35e44170702139a4,0,Product Description,https://books.toscrape.com/catalogue/sense-and-sensibility_49/index.html,2026-03-31T13:49:27.229938+00:00
"Saga, Volume 1 (Saga (Collected Editions) #1)",Sequential Art,,28.48,£28.48,1,In stock (1 available),4f64568dfefa3ce7,0,Product Description,https://books.toscrape.com/catalogue/saga-volume-1-saga-collected-editions-1_48/index.html,2026-03-31T13:49:30.044635+00:00
"Rhythm, Chord & Malykhin",Romance,,28.34,£28.34,2,In stock (1 available),9efb397067eb7e8a,0,Product Description,https://books.toscrape.com/catalogue/rhythm-chord-malykhin_47/index.html,2026-03-31T13:49:31.668344+00:00
"Rat Queens, Vol. 1: Sass & Sorcery (Rat Queens (Collected Editions) #1-5)",Sequential Art,,46.96,£46.96,5,In stock (1 available),3cdca3b4a93980f5,0,Product Description,https://books.toscrape.com/catalogue/rat-queens-vol-1-sass-sorcery-rat-queens-collected-editions-1-5_46/index.html,2026-03-31T13:49:33.232670+00:00
Paradise Lost (Paradise #1),Default,,24.96,£24.96,1,In stock (1 available),849db7ab7f4a640c,0,Product Description,https://books.toscrape.com/catalogue/paradise-lost-paradise-1_45/index.html,2026-03-31T13:49:34.803034+00:00
"Paper Girls, Vol. 1 (Paper Girls #1-5)",Sequential Art,,21.71,£21.71,4,In stock (1 available),bcbcbcf0f6ed196f,0,Product Description,https://books.toscrape.com/catalogue/paper-girls-vol-1-paper-girls-1-5_44/index.html,2026-03-31T13:49:36.369194+00:00
"Ouran High School Host Club, Vol. 1 (Ouran High School Host Club #1)",Sequential Art,,29.87,£29.87,3,In stock (1 available),326825e02a198cf6,0,Product Description,https://books.toscrape.com/catalogue/ouran-high-school-host-club-vol-1-ouran-high-school-host-club-1_43/index.html,2026-03-31T13:49:37.882835+00:00
Origins (Alphas 0.5),Fantasy,,28.99,£28.99,1,In stock (1 available),8932e5c12f12ffed,0,Product Description,https://books.toscrape.com/catalogue/origins-alphas-05_42/index.html,2026-03-31T13:49:39.440700+00:00
One Second (Seven #7),Fantasy,,52.94,£52.94,2,In stock (1 available),7ea31f38675b91c1,0,Product Description,https://books.toscrape.com/catalogue/one-second-seven-7_41/index.html,2026-03-31T13:49:40.983075+00:00
On the Road (Duluoz Legend),Default,,32.36,£32.36,3,In stock (1 available),9ff997ab15713e53,0,Product Description,https://books.toscrape.com/catalogue/on-the-road-duluoz-legend_40/index.html,2026-03-31T13:49:44.180107+00:00
Old Records Never Die: One Man's Quest for His Vinyl and His Past,Music,,55.66,£55.66,2,In stock (1 available),a1985630339f4b3d,0,Product Description,https://books.toscrape.com/catalogue/old-records-never-die-one-mans-quest-for-his-vinyl-and-his-past_39/index.html,2026-03-31T13:49:45.759147+00:00
Off Sides (Off #1),New Adult,,39.45,£39.45,5,In stock (1 available),b6f1cfadc4dd79d4,0,Product Description,https://books.toscrape.com/catalogue/off-sides-off-1_38/index.html,2026-03-31T13:49:47.290238+00:00
Of Mice and Men,Classics,,47.11,£47.11,2,In stock (1 available),39592d9d72e717c4,0,Product Description,https://books.toscrape.com/catalogue/of-mice-and-men_37/index.html,2026-03-31T13:49:48.833005+00:00
Myriad (Prentor #1),Fantasy,,58.75,£58.75,4,In stock (1 available),63e20a0f98218a87,0,Product Description,https://books.toscrape.com/catalogue/myriad-prentor-1_36/index.html,2026-03-31T13:49:50.456664+00:00
My Perfect Mistake (Over the Top #1),Romance,,38.92,£38.92,2,In stock (1 available),fd78f89878479f56,0,Product Description,https://books.toscrape.com/catalogue/my-perfect-mistake-over-the-top-1_35/index.html,2026-03-31T13:49:51.977582+00:00
"Ms. Marvel, Vol. 1: No Normal (Ms. Marvel (2014-2015) #1)",Sequential Art,,39.39,£39.39,4,In stock (1 available),35a60467893aa168,0,Product Description,https://books.toscrape.com/catalogue/ms-marvel-vol-1-no-normal-ms-marvel-2014-2015-1_34/index.html,2026-03-31T13:49:53.587591+00:00
Meditations,Philosophy,,25.89,£25.89,2,In stock (1 available),4f19709e47883df5,0,Product Description,https://books.toscrape.com/catalogue/meditations_33/index.html,2026-03-31T13:49:55.193989+00:00
Matilda,Childrens,,28.34,£28.34,1,In stock (1 available),1053fb7ee17a1f33,0,Product Description,https://books.toscrape.com/catalogue/matilda_32/index.html,2026-03-31T13:49:56.738748+00:00
Lost Among the Living,Historical Fiction,,27.7,£27.70,4,In stock (1 available),d510567580c8be52,0,Product Description,https://books.toscrape.com/catalogue/lost-among-the-living_31/index.html,2026-03-31T13:49:58.298933+00:00
Lord of the Flies,Add a comment,,24.89,£24.89,3,In stock (1 available),71a6471bbdac21d9,0,Product Description,https://books.toscrape.com/catalogue/lord-of-the-flies_30/index.html,2026-03-31T13:49:59.861245+00:00
Listen to Me (Fusion #1),Romance,,58.99,£58.99,3,In stock (1 available),6e712ea24e77bd96,0,Product Description,https://books.toscrape.com/catalogue/listen-to-me-fusion-1_29/index.html,2026-03-31T13:50:01.430882+00:00
Kitchens of the Great Midwest,Fiction,,57.2,£57.20,5,In stock (1 available),06f6a57a6d532844,0,Product Description,https://books.toscrape.com/catalogue/kitchens-of-the-great-midwest_28/index.html,2026-03-31T13:50:03.039821+00:00
Jane Eyre,Default,,38.43,£38.43,5,In stock (1 available),8d390a1fc3133d06,0,Product Description,https://books.toscrape.com/catalogue/jane-eyre_27/index.html,2026-03-31T13:50:04.641244+00:00
Imperfect Harmony,Romance,,34.74,£34.74,4,In stock (1 available),f28f7299d38c0932,0,Product Description,https://books.toscrape.com/catalogue/imperfect-harmony_26/index.html,2026-03-31T13:50:06.546863+00:00
Icing (Aces Hockey #2),Sports and Games,,40.44,£40.44,4,In stock (1 available),3455b45888fb5053,0,Product Description,https://books.toscrape.com/catalogue/icing-aces-hockey-2_25/index.html,2026-03-31T13:50:08.179224+00:00
"Hawkeye, Vol. 1: My Life as a Weapon (Hawkeye #1)",Sequential Art,,45.24,£45.24,3,In stock (1 available),6fe02600f322a0a9,0,Product Description,https://books.toscrape.com/catalogue/hawkeye-vol-1-my-life-as-a-weapon-hawkeye-1_24/index.html,2026-03-31T13:50:09.799455+00:00
Having the Barbarian's Baby (Ice Planet Barbarians #7.5),Science Fiction,,34.96,£34.96,4,In stock (1 available),6717a70913b3db79,0,Product Description,https://books.toscrape.com/catalogue/having-the-barbarians-baby-ice-planet-barbarians-75_23/index.html,2026-03-31T13:50:11.420526+00:00
"Giant Days, Vol. 1 (Giant Days #1-4)",Sequential Art,,56.76,£56.76,4,In stock (1 available),eb0fe24bbc845ecc,0,Product Description,https://books.toscrape.com/catalogue/giant-days-vol-1-giant-days-1-4_22/index.html,2026-03-31T13:50:13.012037+00:00
"Fruits Basket, Vol. 1 (Fruits Basket #1)",Sequential Art,,40.28,£40.28,5,In stock (1 available),72e6fbf4f6382557,0,Product Description,https://books.toscrape.com/catalogue/fruits-basket-vol-1-fruits-basket-1_21/index.html,2026-03-31T13:50:14.556818+00:00
Frankenstein,Default,,38.0,£38.00,2,In stock (1 available),a492f49a3e2b6a71,0,Product Description,https://books.toscrape.com/catalogue/frankenstein_20/index.html,2026-03-31T13:50:17.812187+00:00
Forever Rockers (The Rocker #12),Music,,28.8,£28.80,3,In stock (1 available),e564c3f1a93ccf2e,0,Product Description,https://books.toscrape.com/catalogue/forever-rockers-the-rocker-12_19/index.html,2026-03-31T13:50:19.412967+00:00
Fighting Fate (Fighting #6),Romance,,39.24,£39.24,3,In stock (1 available),6390772a3094939d,0,Product Description,https://books.toscrape.com/catalogue/fighting-fate-fighting-6_18/index.html,2026-03-31T13:50:21.011067+00:00
Emma,Classics,,32.93,£32.93,2,In stock (1 available),2e69730561ed70ad,0,Product Description,https://books.toscrape.com/catalogue/emma_17/index.html,2026-03-31T13:50:22.543326+00:00
"Eat, Pray, Love",Nonfiction,,51.32,£51.32,3,In stock (1 available),df56868afd166557,0,Product Description,https://books.toscrape.com/catalogue/eat-pray-love_16/index.html,2026-03-31T13:50:24.057407+00:00
Deep Under (Walker Security #1),Romance,,47.09,£47.09,5,In stock (1 available),0072b94dfa30608e,0,Product Description,https://books.toscrape.com/catalogue/deep-under-walker-security-1_15/index.html,2026-03-31T13:50:25.599734+00:00
Choosing Our Religion: The Spiritual Lives of America's Nones,Religion,,28.42,£28.42,4,In stock (1 available),a812f6969ddf3e39,0,Product Description,https://books.toscrape.com/catalogue/choosing-our-religion-the-spiritual-lives-of-americas-nones_14/index.html,2026-03-31T13:50:27.175501+00:00
Charlie and the Chocolate Factory (Charlie Bucket #1),Childrens,,22.85,£22.85,3,In stock (1 available),1774749f2cee292f,0,Product Description,https://books.toscrape.com/catalogue/charlie-and-the-chocolate-factory-charlie-bucket-1_13/index.html,2026-03-31T13:50:28.798278+00:00
Charity's Cross (Charles Towne Belles #4),Romance,,41.24,£41.24,1,In stock (1 available),a96404cb928895f3,0,Product Description,https://books.toscrape.com/catalogue/charitys-cross-charles-towne-belles-4_12/index.html,2026-03-31T13:50:30.425002+00:00
Bright Lines,Fiction,,39.07,£39.07,5,In stock (1 available),230ac636ea0ea415,0,Product Description,https://books.toscrape.com/catalogue/bright-lines_11/index.html,2026-03-31T13:50:31.953481+00:00
Bridget Jones's Diary (Bridget Jones #1),Womens Fiction,,29.82,£29.82,1,In stock (1 available),a2b4b685dfa94733,0,Product Description,https://books.toscrape.com/catalogue/bridget-joness-diary-bridget-jones-1_10/index.html,2026-03-31T13:50:33.520959+00:00
Bounty (Colorado Mountain #7),Romance,,37.26,£37.26,4,In stock (1 available),abc0b15f2c907ff0,0,Product Description,https://books.toscrape.com/catalogue/bounty-colorado-mountain-7_9/index.html,2026-03-31T13:50:35.093674+00:00
Blood Defense (Samantha Brinkman #1),Mystery,,20.3,£20.30,3,In stock (1 available),95cdfd514098c38b,0,Product Description,https://books.toscrape.com/catalogue/blood-defense-samantha-brinkman-1_8/index.html,2026-03-31T13:50:36.645894+00:00
"Bleach, Vol. 1: Strawberry and the Soul Reapers (Bleach #1)",Sequential Art,,34.65,£34.65,5,In stock (1 available),099fae4a0705d63b,0,Product Description,https://books.toscrape.com/catalogue/bleach-vol-1-strawberry-and-the-soul-reapers-bleach-1_7/index.html,2026-03-31T13:50:38.208074+00:00
Beyond Good and Evil,Philosophy,,43.38,£43.38,1,In stock (1 available),08672cd59171d5e4,0,Product Description,https://books.toscrape.com/catalogue/beyond-good-and-evil_6/index.html,2026-03-31T13:50:39.880527+00:00
Alice in Wonderland (Alice's Adventures in Wonderland #1),Classics,,55.53,£55.53,1,In stock (1 available),cd2a2a70dd5d176d,0,,https://books.toscrape.com/catalogue/alice-in-wonderland-alices-adventures-in-wonderland-1_5/index.html,2026-03-31T13:50:42.506104+00:00
"Ajin: Demi-Human, Volume 1 (Ajin: Demi-Human #1)",Sequential Art,,57.06,£57.06,4,In stock (1 available),bfd5e1701c862ac3,0,Product Description,https://books.toscrape.com/catalogue/ajin-demi-human-volume-1-ajin-demi-human-1_4/index.html,2026-03-31T13:50:44.124609+00:00
A Spy's Devotion (The Regency Spies of London #1),Historical Fiction,,16.97,£16.97,5,In stock (1 available),19fec36a1dfb4c16,0,Product Description,https://books.toscrape.com/catalogue/a-spys-devotion-the-regency-spies-of-london-1_3/index.html,2026-03-31T13:50:45.815836+00:00
1st to Die (Women's Murder Club #1),Mystery,,53.98,£53.98,1,In stock (1 available),f684a82adc49f011,0,Product Description,https://books.toscrape.com/catalogue/1st-to-die-womens-murder-club-1_2/index.html,2026-03-31T13:50:47.422610+00:00
"1,000 Places to See Before You Die",Travel,,26.08,£26.08,5,In stock (1 available),228ba5e7577e1d49,0,Product Description,https://books.toscrape.com/catalogue/1000-places-to-see-before-you-die_1/index.html,2026-03-31T13:50:48.959829+00:00
